erosion,old_hp_multiplier,new_hp_multiplier,old_damage_multiplier,new_damage_multiplier,armor_multiplier
0.0,1.0,1.0,1.0,1.0,1.0
1.0,1.018,1.018,1.009,1.009,1.0135
2.0,1.036,1.036,1.018,1.018,1.027
3.0,1.054,1.054,1.027,1.027,1.0405
4.0,1.072,1.072,1.036,1.036,1.054
5.0,1.09,1.09,1.045,1.045,1.0675
6.0,1.108,1.108,1.054,1.054,1.081
7.0,1.126,1.126,1.063,1.063,1.0945
8.0,1.144,1.144,1.072,1.072,1.108
9.0,1.162,1.162,1.081,1.081,1.1215
10.0,1.18,1.18,1.09,1.09,1.135
11.0,1.198,1.198,1.099,1.099,1.1485
12.0,1.216,1.216,1.108,1.108,1.162
13.0,1.234,1.234,1.117,1.117,1.1755
14.0,1.252,1.252,1.126,1.126,1.189
15.0,1.27,1.27,1.135,1.135,1.2025
16.0,1.288,1.288,1.144,1.144,1.216
17.0,1.306,1.306,1.153,1.153,1.2295
18.0,1.324,1.324,1.162,1.162,1.243
19.0,1.342,1.342,1.171,1.171,1.2565
20.0,1.36,1.36,1.18,1.18,1.27
21.0,1.378,1.378,1.189,1.189,1.2835
22.0,1.396,1.396,1.198,1.198,1.297
23.0,1.414,1.414,1.207,1.207,1.3105
24.0,1.432,1.432,1.216,1.216,1.324
25.0,1.45,1.45,1.225,1.225,1.3375
26.0,1.468,1.468,1.234,1.234,1.351
27.0,1.486,1.486,1.243,1.243,1.3645
28.0,1.504,1.504,1.252,1.252,1.378
29.0,1.522,1.522,1.261,1.261,1.3915
30.0,1.54,1.54,1.27,1.27,1.405
31.0,1.558,1.576,1.279,1.282,1.4185
32.0,1.576,1.612,1.288,1.294,1.432
33.0,1.594,1.648,1.297,1.306,1.4455
34.0,1.612,1.684,1.306,1.318,1.459
35.0,1.63,1.72,1.315,1.33,1.4725
36.0,1.648,1.756,1.324,1.342,1.486
37.0,1.666,1.792,1.333,1.354,1.4995
38.0,1.684,1.828,1.342,1.366,1.513
39.0,1.702,1.864,1.351,1.378,1.5265
40.0,1.72,1.9,1.36,1.39,1.54
41.0,1.738,1.936,1.369,1.402,1.5535
42.0,1.756,1.972,1.378,1.414,1.567
43.0,1.774,2.008,1.387,1.426,1.5805
44.0,1.792,2.044,1.396,1.438,1.594
45.0,1.81,2.08,1.405,1.45,1.6075
46.0,1.828,2.116,1.414,1.462,1.621
47.0,1.846,2.152,1.423,1.474,1.6345
48.0,1.864,2.188,1.432,1.486,1.648
49.0,1.882,2.224,1.441,1.498,1.6615
50.0,1.9,2.26,1.45,1.51,1.675
51.0,1.918,2.296,1.459,1.522,1.6885
52.0,1.936,2.332,1.468,1.534,1.702
53.0,1.954,2.368,1.477,1.546,1.7155
54.0,1.972,2.404,1.486,1.558,1.729
55.0,1.99,2.44,1.495,1.57,1.7425
56.0,2.008,2.476,1.504,1.582,1.756
57.0,2.026,2.512,1.513,1.594,1.7695
58.0,2.044,2.548,1.522,1.606,1.783
59.0,2.062,2.584,1.531,1.618,1.7965
60.0,2.08,2.62,1.54,1.63,1.81
61.0,2.098,2.674,1.549,1.645,1.8235
62.0,2.116,2.728,1.558,1.66,1.837
63.0,2.134,2.782,1.567,1.675,1.8505
64.0,2.152,2.836,1.576,1.69,1.864
65.0,2.17,2.89,1.585,1.705,1.8775
66.0,2.188,2.944,1.594,1.72,1.891
67.0,2.206,2.998,1.603,1.735,1.9045
68.0,2.224,3.052,1.612,1.75,1.918
69.0,2.242,3.106,1.621,1.765,1.9315
70.0,2.26,3.16,1.63,1.78,1.945
71.0,2.278,3.214,1.639,1.795,1.9585
72.0,2.296,3.268,1.648,1.81,1.972
73.0,2.314,3.322,1.657,1.825,1.9855
74.0,2.332,3.376,1.666,1.84,1.999
75.0,2.35,3.43,1.675,1.855,2.0125
76.0,2.368,3.484,1.684,1.87,2.026
77.0,2.386,3.538,1.693,1.885,2.0395
78.0,2.404,3.592,1.702,1.9,2.053
79.0,2.422,3.646,1.711,1.915,2.0665
80.0,2.44,3.7,1.72,1.93,2.08
81.0,2.458,3.754,1.729,1.945,2.0935
82.0,2.476,3.808,1.738,1.96,2.107
83.0,2.494,3.862,1.747,1.975,2.1205
84.0,2.512,3.916,1.756,1.99,2.134
85.0,2.53,3.97,1.765,2.005,2.1475
86.0,2.548,4.024,1.774,2.02,2.161
87.0,2.566,4.078,1.783,2.035,2.1745
88.0,2.584,4.132,1.792,2.05,2.188
89.0,2.602,4.186,1.801,2.065,2.2015
90.0,2.62,4.24,1.81,2.08,2.215
91.0,2.638,4.294,1.819,2.095,2.2285
92.0,2.656,4.348,1.828,2.11,2.242
93.0,2.674,4.402,1.837,2.125,2.2555
94.0,2.692,4.456,1.846,2.14,2.269
95.0,2.71,4.51,1.855,2.155,2.2825
96.0,2.728,4.564,1.864,2.17,2.296
97.0,2.746,4.618,1.873,2.185,2.3095
98.0,2.764,4.672,1.882,2.2,2.323
99.0,2.782,4.726,1.891,2.215,2.3365
100.0,2.8,4.78,1.9,2.23,2.35
101.0,2.818,4.834,1.909,2.245,2.3635
102.0,2.836,4.888,1.918,2.26,2.377
103.0,2.854,4.942,1.927,2.275,2.3905
104.0,2.872,4.996,1.936,2.29,2.404
105.0,2.89,5.05,1.945,2.305,2.4175
106.0,2.908,5.104,1.954,2.32,2.431
107.0,2.926,5.158,1.963,2.335,2.4445
108.0,2.944,5.212,1.972,2.35,2.458
109.0,2.962,5.266,1.981,2.365,2.4715
110.0,2.98,5.32,1.99,2.38,2.485
111.0,2.998,5.374,1.999,2.395,2.4985
112.0,3.016,5.428,2.008,2.41,2.512
113.0,3.034,5.482,2.017,2.425,2.5255
114.0,3.052,5.536,2.026,2.44,2.539
115.0,3.07,5.59,2.035,2.455,2.5525
116.0,3.088,5.644,2.044,2.47,2.566
117.0,3.106,5.698,2.053,2.485,2.5795
118.0,3.124,5.752,2.062,2.5,2.593
119.0,3.142,5.806,2.071,2.515,2.6065
120.0,3.16,5.86,2.08,2.53,2.62
121.0,3.178,5.914,2.089,2.545,2.6335
122.0,3.196,5.968,2.098,2.56,2.647
123.0,3.214,6.022,2.107,2.575,2.6605
124.0,3.232,6.076,2.116,2.59,2.674
125.0,3.25,6.13,2.125,2.605,2.6875
126.0,3.268,6.184,2.134,2.62,2.701
127.0,3.286,6.238,2.143,2.635,2.7145
128.0,3.304,6.292,2.152,2.65,2.728
129.0,3.322,6.346,2.161,2.665,2.7415
130.0,3.34,6.4,2.17,2.68,2.755
131.0,3.358,6.454,2.179,2.695,2.7685
132.0,3.376,6.508,2.188,2.71,2.782
133.0,3.394,6.562,2.197,2.725,2.7955
134.0,3.412,6.616,2.206,2.74,2.809
135.0,3.43,6.67,2.215,2.755,2.8225
136.0,3.448,6.724,2.224,2.77,2.836
137.0,3.466,6.778,2.233,2.785,2.8495
138.0,3.484,6.832,2.242,2.8,2.863
139.0,3.502,6.886,2.251,2.815,2.8765
140.0,3.52,6.94,2.26,2.83,2.89
141.0,3.538,6.994,2.269,2.845,2.9035
142.0,3.556,7.048,2.278,2.86,2.917
143.0,3.574,7.102,2.287,2.875,2.9305
144.0,3.592,7.156,2.296,2.89,2.944
145.0,3.61,7.21,2.305,2.905,2.9575
146.0,3.628,7.264,2.314,2.92,2.971
147.0,3.646,7.318,2.323,2.935,2.9845
148.0,3.664,7.372,2.332,2.95,2.998
149.0,3.682,7.426,2.341,2.965,3.0115
150.0,3.7,7.48,2.35,2.98,3.025
151.0,3.718,7.534,2.359,2.995,3.0385
152.0,3.736,7.588,2.368,3.01,3.052
153.0,3.754,7.642,2.377,3.025,3.0655
154.0,3.772,7.696,2.386,3.04,3.079
155.0,3.79,7.75,2.395,3.055,3.0925
156.0,3.808,7.804,2.404,3.07,3.106
157.0,3.826,7.858,2.413,3.085,3.1195
158.0,3.844,7.912,2.422,3.1,3.133
159.0,3.862,7.966,2.431,3.115,3.1465
160.0,3.88,8.02,2.44,3.13,3.16
161.0,3.898,8.074,2.449,3.145,3.1735
162.0,3.916,8.128,2.458,3.16,3.187
163.0,3.934,8.182,2.467,3.175,3.2005
164.0,3.952,8.236,2.476,3.19,3.214
165.0,3.97,8.29,2.485,3.205,3.2275
166.0,3.988,8.344,2.494,3.22,3.241
167.0,4.006,8.398,2.503,3.235,3.2545
168.0,4.024,8.452,2.512,3.25,3.268
169.0,4.042,8.506,2.521,3.265,3.2815
170.0,4.06,8.56,2.53,3.28,3.295
171.0,4.078,8.614,2.539,3.295,3.3085
172.0,4.096,8.668,2.548,3.31,3.322
173.0,4.114,8.722,2.557,3.325,3.3355
174.0,4.132,8.776,2.566,3.34,3.349
175.0,4.15,8.83,2.575,3.355,3.3625
176.0,4.168,8.884,2.584,3.37,3.376
177.0,4.186,8.938,2.593,3.385,3.3895
178.0,4.204,8.992,2.602,3.4,3.403
179.0,4.222,9.046,2.611,3.415,3.4165
180.0,4.24,9.1,2.62,3.43,3.43
181.0,4.258,9.154,2.629,3.445,3.4435
182.0,4.276,9.208,2.638,3.46,3.457
183.0,4.294,9.262,2.647,3.475,3.4705
184.0,4.312,9.316,2.656,3.49,3.484
185.0,4.33,9.37,2.665,3.505,3.4975
186.0,4.348,9.424,2.674,3.52,3.511
187.0,4.366,9.478,2.683,3.535,3.5245
188.0,4.384,9.532,2.692,3.55,3.538
189.0,4.402,9.586,2.701,3.565,3.5515
190.0,4.42,9.64,2.71,3.58,3.565
191.0,4.438,9.694,2.719,3.595,3.5785
192.0,4.456,9.748,2.728,3.61,3.592
193.0,4.474,9.802,2.737,3.625,3.6055
194.0,4.492,9.856,2.746,3.64,3.619
195.0,4.51,9.91,2.755,3.655,3.6325
196.0,4.528,9.964,2.764,3.67,3.646
197.0,4.546,10.018,2.773,3.685,3.6595
198.0,4.564,10.072,2.782,3.7,3.673
199.0,4.582,10.126,2.791,3.715,3.6865
200.0,4.6,10.18,2.8,3.73,3.7
