difficulty,wave,erosion,elite_expected,supply_per_second,population_cap,armor,damage_taken_percent,element_damage,id,max_hp,melee_damage,move_speed,ranged_damage
1,1,0,0.0,1.1059670781893,48,0.0,100.0,0.0,enemy_mutated_grub,24.0,4.0,51.0,0.0
1,1,0,0.0,1.1059670781893,48,0.0,100.0,0.0,enemy_echo_bat,19.0,0.0,68.0,3.0
1,1,0,0.0,1.1059670781893,48,0.0,100.0,0.0,enemy_elite_rusher,480.0,6.0,102.0,0.0
1,1,0,0.0,1.1059670781893,48,6.0,94.0,8.0,enemy_underworld_wolf,576.0,4.0,94.0,3.0
1,1,10,0.0,1.21656378600823,48,0.0,100.0,0.0,enemy_mutated_grub,28.0,4.0,51.0,0.0
1,1,10,0.0,1.21656378600823,48,0.0,100.0,0.0,enemy_echo_bat,23.0,0.0,68.0,3.0
1,1,10,0.0,1.21656378600823,48,0.0,100.0,0.0,enemy_elite_rusher,566.0,7.0,102.0,0.0
1,1,10,0.0,1.21656378600823,48,7.0,93.0,9.0,enemy_underworld_wolf,680.0,4.0,94.0,3.0
1,1,30,0.0,1.43775720164609,48,0.0,100.0,0.0,enemy_mutated_grub,37.0,5.0,51.0,0.0
1,1,30,0.0,1.43775720164609,48,0.0,100.0,0.0,enemy_echo_bat,30.0,1.0,68.0,4.0
1,1,30,0.0,1.43775720164609,48,0.0,100.0,0.0,enemy_elite_rusher,739.0,8.0,102.0,0.0
1,1,30,0.0,1.43775720164609,48,8.0,93.0,10.0,enemy_underworld_wolf,887.0,5.0,94.0,3.0
1,1,50,0.0,1.65895061728395,48,0.0,100.0,0.0,enemy_mutated_grub,54.0,6.0,51.0,0.0
1,1,50,0.0,1.65895061728395,48,0.0,100.0,0.0,enemy_echo_bat,43.0,1.0,68.0,5.0
1,1,50,0.0,1.65895061728395,48,0.0,100.0,0.0,enemy_elite_rusher,1085.0,9.0,102.0,0.0
1,1,50,0.0,1.65895061728395,48,10.0,91.0,12.0,enemy_underworld_wolf,1302.0,5.0,94.0,4.0
1,1,60,0.0,1.76954732510288,48,0.0,100.0,0.0,enemy_mutated_grub,63.0,7.0,51.0,0.0
1,1,60,0.0,1.76954732510288,48,0.0,100.0,0.0,enemy_echo_bat,50.0,1.0,68.0,5.0
1,1,60,0.0,1.76954732510288,48,0.0,100.0,0.0,enemy_elite_rusher,1258.0,10.0,102.0,0.0
1,1,60,0.0,1.76954732510288,48,11.0,90.0,13.0,enemy_underworld_wolf,1509.0,6.0,94.0,4.0
1,1,100,0.0,2.2119341563786,48,0.0,100.0,0.0,enemy_mutated_grub,115.0,9.0,51.0,0.0
1,1,100,0.0,2.2119341563786,48,0.0,100.0,0.0,enemy_echo_bat,92.0,1.0,68.0,7.0
1,1,100,0.0,2.2119341563786,48,0.0,100.0,0.0,enemy_elite_rusher,2294.0,14.0,102.0,0.0
1,1,100,0.0,2.2119341563786,48,14.0,88.0,18.0,enemy_underworld_wolf,2753.0,8.0,94.0,6.0
1,1,150,0.0,2.76491769547325,48,0.0,100.0,0.0,enemy_mutated_grub,180.0,12.0,51.0,0.0
1,1,150,0.0,2.76491769547325,48,0.0,100.0,0.0,enemy_echo_bat,144.0,1.0,68.0,9.0
1,1,150,0.0,2.76491769547325,48,0.0,100.0,0.0,enemy_elite_rusher,3590.0,19.0,102.0,0.0
1,1,150,0.0,2.76491769547325,48,18.0,85.0,24.0,enemy_underworld_wolf,4308.0,11.0,94.0,8.0
1,1,200,0.0,3.3179012345679,48,0.0,100.0,0.0,enemy_mutated_grub,244.0,15.0,51.0,0.0
1,1,200,0.0,3.3179012345679,48,0.0,100.0,0.0,enemy_echo_bat,195.0,2.0,68.0,12.0
1,1,200,0.0,3.3179012345679,48,0.0,100.0,0.0,enemy_elite_rusher,4886.0,23.0,102.0,0.0
1,1,200,0.0,3.3179012345679,48,22.0,82.0,30.0,enemy_underworld_wolf,5864.0,13.0,94.0,10.0
1,10,0,1.25,3.29582477250333,48,5.0,95.0,0.0,enemy_mutated_grub,119.0,5.0,53.0,0.0
1,10,0,1.25,3.29582477250333,48,5.0,95.0,0.0,enemy_echo_bat,95.0,1.0,71.0,4.0
1,10,0,1.25,3.29582477250333,48,9.0,92.0,0.0,enemy_elite_rusher,3327.0,7.0,107.0,0.0
1,10,0,1.25,3.29582477250333,48,11.0,90.0,9.0,enemy_underworld_wolf,3992.0,4.0,98.0,3.0
1,10,10,1.375,3.62540724975367,48,5.0,95.0,0.0,enemy_mutated_grub,140.0,5.0,53.0,0.0
1,10,10,1.375,3.62540724975367,48,5.0,95.0,0.0,enemy_echo_bat,112.0,1.0,71.0,4.0
1,10,10,1.375,3.62540724975367,48,10.0,91.0,0.0,enemy_elite_rusher,3926.0,8.0,107.0,0.0
1,10,10,1.375,3.62540724975367,48,12.0,89.0,10.0,enemy_underworld_wolf,4711.0,4.0,98.0,3.0
1,10,30,1.625,4.28457220425433,48,6.0,94.0,0.0,enemy_mutated_grub,183.0,6.0,53.0,0.0
1,10,30,1.625,4.28457220425433,48,6.0,94.0,0.0,enemy_echo_bat,146.0,1.0,71.0,5.0
1,10,30,1.625,4.28457220425433,48,13.0,88.0,0.0,enemy_elite_rusher,5123.0,9.0,107.0,0.0
1,10,30,1.625,4.28457220425433,48,15.0,87.0,12.0,enemy_underworld_wolf,6148.0,5.0,98.0,4.0
1,10,50,1.875,4.943737158755,48,8.0,93.0,0.0,enemy_mutated_grub,268.0,7.0,53.0,0.0
1,10,50,1.875,4.943737158755,48,8.0,93.0,0.0,enemy_echo_bat,215.0,1.0,71.0,5.0
1,10,50,1.875,4.943737158755,48,15.0,87.0,0.0,enemy_elite_rusher,7519.0,11.0,107.0,0.0
1,10,50,1.875,4.943737158755,48,18.0,85.0,14.0,enemy_underworld_wolf,9022.0,6.0,98.0,5.0
1,10,60,2.0,5.27331963600533,48,8.0,93.0,0.0,enemy_mutated_grub,311.0,7.0,53.0,0.0
1,10,60,2.0,5.27331963600533,48,8.0,93.0,0.0,enemy_echo_bat,249.0,1.0,71.0,6.0
1,10,60,2.0,5.27331963600533,48,16.0,86.0,0.0,enemy_elite_rusher,8716.0,11.0,107.0,0.0
1,10,60,2.0,5.27331963600533,48,19.0,84.0,15.0,enemy_underworld_wolf,10460.0,7.0,98.0,5.0
1,10,100,2.5,6.59164954500667,48,11.0,90.0,0.0,enemy_mutated_grub,568.0,10.0,53.0,0.0
1,10,100,2.5,6.59164954500667,48,11.0,90.0,0.0,enemy_echo_bat,454.0,1.0,71.0,8.0
1,10,100,2.5,6.59164954500667,48,21.0,83.0,0.0,enemy_elite_rusher,15902.0,16.0,107.0,0.0
1,10,100,2.5,6.59164954500667,48,25.0,80.0,21.0,enemy_underworld_wolf,19083.0,9.0,98.0,7.0
1,10,150,2.5,8.23956193125833,48,14.0,88.0,0.0,enemy_mutated_grub,888.0,14.0,53.0,0.0
1,10,150,2.5,8.23956193125833,48,14.0,88.0,0.0,enemy_echo_bat,711.0,2.0,71.0,11.0
1,10,150,2.5,8.23956193125833,48,27.0,79.0,0.0,enemy_elite_rusher,24885.0,21.0,107.0,0.0
1,10,150,2.5,8.23956193125833,48,32.0,76.0,27.0,enemy_underworld_wolf,29862.0,12.0,98.0,9.0
1,10,200,2.5,9.88747431751,48,17.0,85.0,0.0,enemy_mutated_grub,1209.0,17.0,53.0,0.0
1,10,200,2.5,9.88747431751,48,17.0,85.0,0.0,enemy_echo_bat,967.0,2.0,71.0,13.0
1,10,200,2.5,9.88747431751,48,33.0,75.0,0.0,enemy_elite_rusher,33868.0,26.0,107.0,0.0
1,10,200,2.5,9.88747431751,48,39.0,72.0,34.0,enemy_underworld_wolf,40641.0,15.0,98.0,11.0
1,20,0,2.5,4.35009336586819,48,10.0,91.0,0.0,enemy_mutated_grub,224.0,5.0,56.0,0.0
1,20,0,2.5,4.35009336586819,48,10.0,91.0,0.0,enemy_echo_bat,179.0,1.0,74.0,4.0
1,20,0,2.5,4.35009336586819,48,19.0,84.0,0.0,enemy_elite_rusher,28593.0,8.0,112.0,0.0
1,20,0,2.5,4.35009336586819,48,16.0,86.0,10.0,enemy_underworld_wolf,34311.0,5.0,102.0,3.0
1,20,10,2.75,4.78510270245501,48,11.0,90.0,0.0,enemy_mutated_grub,264.0,6.0,56.0,0.0
1,20,10,2.75,4.78510270245501,48,11.0,90.0,0.0,enemy_echo_bat,211.0,1.0,74.0,4.0
1,20,10,2.75,4.78510270245501,48,22.0,82.0,0.0,enemy_elite_rusher,33739.0,9.0,112.0,0.0
1,20,10,2.75,4.78510270245501,48,18.0,85.0,11.0,enemy_underworld_wolf,40487.0,5.0,102.0,4.0
1,20,30,3.0,5.65512137562864,48,13.0,88.0,0.0,enemy_mutated_grub,345.0,7.0,56.0,0.0
1,20,30,3.0,5.65512137562864,48,13.0,88.0,0.0,enemy_echo_bat,276.0,1.0,74.0,5.0
1,20,30,3.0,5.65512137562864,48,27.0,79.0,0.0,enemy_elite_rusher,44033.0,10.0,112.0,0.0
1,20,30,3.0,5.65512137562864,48,22.0,82.0,13.0,enemy_underworld_wolf,52839.0,6.0,102.0,4.0
1,20,50,3.0,6.52514004880228,48,16.0,86.0,0.0,enemy_mutated_grub,506.0,8.0,56.0,0.0
1,20,50,3.0,6.52514004880228,48,16.0,86.0,0.0,enemy_echo_bat,405.0,1.0,74.0,6.0
1,20,50,3.0,6.52514004880228,48,32.0,76.0,0.0,enemy_elite_rusher,64619.0,12.0,112.0,0.0
1,20,50,3.0,6.52514004880228,48,26.0,79.0,16.0,enemy_underworld_wolf,77543.0,7.0,102.0,5.0
1,20,60,3.0,6.9601493853891,48,17.0,85.0,0.0,enemy_mutated_grub,587.0,8.0,56.0,0.0
1,20,60,3.0,6.9601493853891,48,17.0,85.0,0.0,enemy_echo_bat,470.0,1.0,74.0,7.0
1,20,60,3.0,6.9601493853891,48,34.0,75.0,0.0,enemy_elite_rusher,74913.0,13.0,112.0,0.0
1,20,60,3.0,6.9601493853891,48,28.0,78.0,17.0,enemy_underworld_wolf,89895.0,8.0,102.0,6.0
1,20,100,3.0,8.70018673173638,48,22.0,82.0,0.0,enemy_mutated_grub,1071.0,12.0,56.0,0.0
1,20,100,3.0,8.70018673173638,48,22.0,82.0,0.0,enemy_echo_bat,857.0,1.0,74.0,9.0
1,20,100,3.0,8.70018673173638,48,45.0,69.0,0.0,enemy_elite_rusher,136673.0,18.0,112.0,0.0
1,20,100,3.0,8.70018673173638,48,36.0,74.0,23.0,enemy_underworld_wolf,164007.0,10.0,102.0,8.0
1,20,150,3.0,10.8752334146705,48,29.0,78.0,0.0,enemy_mutated_grub,1676.0,16.0,56.0,0.0
1,20,150,3.0,10.8752334146705,48,29.0,78.0,0.0,enemy_echo_bat,1340.0,2.0,74.0,12.0
1,20,150,3.0,10.8752334146705,48,57.0,64.0,0.0,enemy_elite_rusher,213872.0,24.0,112.0,0.0
1,20,150,3.0,10.8752334146705,48,47.0,68.0,31.0,enemy_underworld_wolf,256647.0,14.0,102.0,10.0
1,20,200,3.0,13.0502800976046,48,35.0,74.0,0.0,enemy_mutated_grub,2280.0,19.0,56.0,0.0
1,20,200,3.0,13.0502800976046,48,35.0,74.0,0.0,enemy_echo_bat,1824.0,2.0,74.0,15.0
1,20,200,3.0,13.0502800976046,48,70.0,59.0,0.0,enemy_elite_rusher,291072.0,30.0,112.0,0.0
1,20,200,3.0,13.0502800976046,48,57.0,64.0,39.0,enemy_underworld_wolf,349287.0,17.0,102.0,13.0
2,1,0,0.0,1.99074074074074,72,0.0,100.0,0.0,enemy_mutated_grub,29.0,5.0,61.0,0.0
2,1,0,0.0,1.99074074074074,72,0.0,100.0,0.0,enemy_echo_bat,23.0,1.0,82.0,4.0
2,1,0,0.0,1.99074074074074,72,0.0,100.0,0.0,enemy_elite_rusher,576.0,7.0,122.0,0.0
2,1,0,0.0,1.99074074074074,72,7.0,93.0,10.0,enemy_underworld_wolf,691.0,4.0,112.0,3.0
2,1,10,0.0,2.18981481481481,72,0.0,100.0,0.0,enemy_mutated_grub,34.0,5.0,61.0,0.0
2,1,10,0.0,2.18981481481481,72,0.0,100.0,0.0,enemy_echo_bat,27.0,1.0,82.0,4.0
2,1,10,0.0,2.18981481481481,72,0.0,100.0,0.0,enemy_elite_rusher,680.0,8.0,122.0,0.0
2,1,10,0.0,2.18981481481481,72,8.0,93.0,11.0,enemy_underworld_wolf,816.0,5.0,112.0,4.0
2,1,30,0.0,2.58796296296296,72,0.0,100.0,0.0,enemy_mutated_grub,44.0,6.0,61.0,0.0
2,1,30,0.0,2.58796296296296,72,0.0,100.0,0.0,enemy_echo_bat,35.0,1.0,82.0,5.0
2,1,30,0.0,2.58796296296296,72,0.0,100.0,0.0,enemy_elite_rusher,887.0,9.0,122.0,0.0
2,1,30,0.0,2.58796296296296,72,10.0,91.0,12.0,enemy_underworld_wolf,1064.0,5.0,112.0,4.0
2,1,50,0.0,2.98611111111111,72,0.0,100.0,0.0,enemy_mutated_grub,65.0,7.0,61.0,0.0
2,1,50,0.0,2.98611111111111,72,0.0,100.0,0.0,enemy_echo_bat,52.0,1.0,82.0,6.0
2,1,50,0.0,2.98611111111111,72,0.0,100.0,0.0,enemy_elite_rusher,1302.0,11.0,122.0,0.0
2,1,50,0.0,2.98611111111111,72,12.0,89.0,15.0,enemy_underworld_wolf,1562.0,7.0,112.0,5.0
2,1,60,0.0,3.18518518518519,72,0.0,100.0,0.0,enemy_mutated_grub,75.0,8.0,61.0,0.0
2,1,60,0.0,3.18518518518519,72,0.0,100.0,0.0,enemy_echo_bat,60.0,1.0,82.0,6.0
2,1,60,0.0,3.18518518518519,72,0.0,100.0,0.0,enemy_elite_rusher,1509.0,12.0,122.0,0.0
2,1,60,0.0,3.18518518518519,72,13.0,88.0,16.0,enemy_underworld_wolf,1811.0,7.0,112.0,5.0
2,1,100,0.0,3.98148148148148,72,0.0,100.0,0.0,enemy_mutated_grub,138.0,11.0,61.0,0.0
2,1,100,0.0,3.98148148148148,72,0.0,100.0,0.0,enemy_echo_bat,110.0,1.0,82.0,8.0
2,1,100,0.0,3.98148148148148,72,0.0,100.0,0.0,enemy_elite_rusher,2753.0,17.0,122.0,0.0
2,1,100,0.0,3.98148148148148,72,17.0,85.0,22.0,enemy_underworld_wolf,3304.0,10.0,112.0,7.0
2,1,150,0.0,4.97685185185185,72,0.0,100.0,0.0,enemy_mutated_grub,215.0,14.0,61.0,0.0
2,1,150,0.0,4.97685185185185,72,0.0,100.0,0.0,enemy_echo_bat,172.0,2.0,82.0,11.0
2,1,150,0.0,4.97685185185185,72,0.0,100.0,0.0,enemy_elite_rusher,4308.0,22.0,122.0,0.0
2,1,150,0.0,4.97685185185185,72,22.0,82.0,29.0,enemy_underworld_wolf,5170.0,13.0,112.0,10.0
2,1,200,0.0,5.97222222222222,72,0.0,100.0,0.0,enemy_mutated_grub,293.0,18.0,61.0,0.0
2,1,200,0.0,5.97222222222222,72,0.0,100.0,0.0,enemy_echo_bat,235.0,2.0,82.0,14.0
2,1,200,0.0,5.97222222222222,72,0.0,100.0,0.0,enemy_elite_rusher,5864.0,28.0,122.0,0.0
2,1,200,0.0,5.97222222222222,72,27.0,79.0,36.0,enemy_underworld_wolf,7036.0,16.0,112.0,12.0
2,10,0,1.4375,5.13575320813772,72,5.0,95.0,0.0,enemy_mutated_grub,142.0,6.0,64.0,0.0
2,10,0,1.4375,5.13575320813772,72,5.0,95.0,0.0,enemy_echo_bat,114.0,1.0,85.0,4.0
2,10,0,1.4375,5.13575320813772,72,11.0,90.0,0.0,enemy_elite_rusher,3992.0,8.0,128.0,0.0
2,10,0,1.4375,5.13575320813772,72,13.0,88.0,11.0,enemy_underworld_wolf,4791.0,5.0,117.0,4.0
2,10,10,1.58125,5.64932852895149,72,6.0,94.0,0.0,enemy_mutated_grub,168.0,6.0,64.0,0.0
2,10,10,1.58125,5.64932852895149,72,6.0,94.0,0.0,enemy_echo_bat,135.0,1.0,85.0,5.0
2,10,10,1.58125,5.64932852895149,72,12.0,89.0,0.0,enemy_elite_rusher,4711.0,9.0,128.0,0.0
2,10,10,1.58125,5.64932852895149,72,14.0,88.0,12.0,enemy_underworld_wolf,5653.0,5.0,117.0,4.0
2,10,30,1.86875,6.67647917057903,72,8.0,93.0,0.0,enemy_mutated_grub,219.0,7.0,64.0,0.0
2,10,30,1.86875,6.67647917057903,72,8.0,93.0,0.0,enemy_echo_bat,176.0,1.0,85.0,5.0
2,10,30,1.86875,6.67647917057903,72,15.0,87.0,0.0,enemy_elite_rusher,6148.0,11.0,128.0,0.0
2,10,30,1.86875,6.67647917057903,72,18.0,85.0,14.0,enemy_underworld_wolf,7378.0,6.0,117.0,5.0
2,10,50,2.15625,7.70362981220657,72,9.0,92.0,0.0,enemy_mutated_grub,322.0,8.0,64.0,0.0
2,10,50,2.15625,7.70362981220657,72,9.0,92.0,0.0,enemy_echo_bat,258.0,1.0,85.0,6.0
2,10,50,2.15625,7.70362981220657,72,18.0,85.0,0.0,enemy_elite_rusher,9022.0,13.0,128.0,0.0
2,10,50,2.15625,7.70362981220657,72,21.0,83.0,17.0,enemy_underworld_wolf,10827.0,7.0,117.0,6.0
2,10,60,2.3,8.21720513302035,72,10.0,91.0,0.0,enemy_mutated_grub,373.0,9.0,64.0,0.0
2,10,60,2.3,8.21720513302035,72,10.0,91.0,0.0,enemy_echo_bat,299.0,1.0,85.0,7.0
2,10,60,2.3,8.21720513302035,72,20.0,83.0,0.0,enemy_elite_rusher,10460.0,14.0,128.0,0.0
2,10,60,2.3,8.21720513302035,72,23.0,81.0,18.0,enemy_underworld_wolf,12552.0,8.0,117.0,6.0
2,10,100,2.875,10.2715064162754,72,13.0,88.0,0.0,enemy_mutated_grub,681.0,12.0,64.0,0.0
2,10,100,2.875,10.2715064162754,72,13.0,88.0,0.0,enemy_echo_bat,545.0,1.0,85.0,10.0
2,10,100,2.875,10.2715064162754,72,25.0,80.0,0.0,enemy_elite_rusher,19083.0,19.0,128.0,0.0
2,10,100,2.875,10.2715064162754,72,30.0,77.0,25.0,enemy_underworld_wolf,22900.0,11.0,117.0,8.0
2,10,150,2.875,12.8393830203443,72,16.0,86.0,0.0,enemy_mutated_grub,1066.0,16.0,64.0,0.0
2,10,150,2.875,12.8393830203443,72,16.0,86.0,0.0,enemy_echo_bat,853.0,2.0,85.0,13.0
2,10,150,2.875,12.8393830203443,72,33.0,75.0,0.0,enemy_elite_rusher,29862.0,25.0,128.0,0.0
2,10,150,2.875,12.8393830203443,72,38.0,72.0,33.0,enemy_underworld_wolf,35834.0,15.0,117.0,11.0
2,10,200,2.875,15.4072596244131,72,20.0,83.0,0.0,enemy_mutated_grub,1450.0,21.0,64.0,0.0
2,10,200,2.875,15.4072596244131,72,20.0,83.0,0.0,enemy_echo_bat,1160.0,2.0,85.0,16.0
2,10,200,2.875,15.4072596244131,72,40.0,71.0,0.0,enemy_elite_rusher,40641.0,32.0,128.0,0.0
2,10,200,2.875,15.4072596244131,72,47.0,68.0,41.0,enemy_underworld_wolf,48769.0,18.0,117.0,14.0
2,20,0,2.875,6.25646973914837,72,11.0,90.0,0.0,enemy_mutated_grub,269.0,6.0,67.0,0.0
2,20,0,2.875,6.25646973914837,72,11.0,90.0,0.0,enemy_echo_bat,215.0,1.0,89.0,5.0
2,20,0,2.875,6.25646973914837,72,23.0,81.0,0.0,enemy_elite_rusher,34311.0,10.0,134.0,0.0
2,20,0,2.875,6.25646973914837,72,19.0,84.0,12.0,enemy_underworld_wolf,41173.0,6.0,123.0,4.0
2,20,10,3.0,6.8821167130632,72,13.0,88.0,0.0,enemy_mutated_grub,317.0,7.0,67.0,0.0
2,20,10,3.0,6.8821167130632,72,13.0,88.0,0.0,enemy_echo_bat,254.0,1.0,89.0,5.0
2,20,10,3.0,6.8821167130632,72,26.0,79.0,0.0,enemy_elite_rusher,40487.0,10.0,134.0,0.0
2,20,10,3.0,6.8821167130632,72,21.0,83.0,14.0,enemy_underworld_wolf,48585.0,6.0,123.0,5.0
2,20,30,3.0,8.13341066089288,72,16.0,86.0,0.0,enemy_mutated_grub,414.0,8.0,67.0,0.0
2,20,30,3.0,8.13341066089288,72,16.0,86.0,0.0,enemy_echo_bat,331.0,1.0,89.0,6.0
2,20,30,3.0,8.13341066089288,72,32.0,76.0,0.0,enemy_elite_rusher,52839.0,12.0,134.0,0.0
2,20,30,3.0,8.13341066089288,72,26.0,79.0,16.0,enemy_underworld_wolf,63407.0,7.0,123.0,5.0
2,20,50,3.0,9.38470460872255,72,19.0,84.0,0.0,enemy_mutated_grub,607.0,9.0,67.0,0.0
2,20,50,3.0,9.38470460872255,72,19.0,84.0,0.0,enemy_echo_bat,486.0,1.0,89.0,7.0
2,20,50,3.0,9.38470460872255,72,38.0,72.0,0.0,enemy_elite_rusher,77543.0,14.0,134.0,0.0
2,20,50,3.0,9.38470460872255,72,31.0,76.0,19.0,enemy_underworld_wolf,93052.0,8.0,123.0,6.0
2,20,60,3.0,10.0103515826374,72,21.0,83.0,0.0,enemy_mutated_grub,704.0,10.0,67.0,0.0
2,20,60,3.0,10.0103515826374,72,21.0,83.0,0.0,enemy_echo_bat,563.0,1.0,89.0,8.0
2,20,60,3.0,10.0103515826374,72,41.0,71.0,0.0,enemy_elite_rusher,89895.0,16.0,134.0,0.0
2,20,60,3.0,10.0103515826374,72,34.0,75.0,20.0,enemy_underworld_wolf,107874.0,9.0,123.0,7.0
2,20,100,3.0,12.5129394782967,72,27.0,79.0,0.0,enemy_mutated_grub,1285.0,14.0,67.0,0.0
2,20,100,3.0,12.5129394782967,72,27.0,79.0,0.0,enemy_echo_bat,1028.0,2.0,89.0,11.0
2,20,100,3.0,12.5129394782967,72,54.0,65.0,0.0,enemy_elite_rusher,164007.0,21.0,134.0,0.0
2,20,100,3.0,12.5129394782967,72,44.0,69.0,28.0,enemy_underworld_wolf,196808.0,12.0,123.0,9.0
2,20,150,3.0,15.6411743478709,72,34.0,75.0,0.0,enemy_mutated_grub,2011.0,19.0,67.0,0.0
2,20,150,3.0,15.6411743478709,72,34.0,75.0,0.0,enemy_echo_bat,1608.0,2.0,89.0,14.0
2,20,150,3.0,15.6411743478709,72,69.0,59.0,0.0,enemy_elite_rusher,256647.0,29.0,134.0,0.0
2,20,150,3.0,15.6411743478709,72,56.0,64.0,37.0,enemy_underworld_wolf,307976.0,17.0,123.0,12.0
2,20,200,3.0,18.7694092174451,72,42.0,70.0,0.0,enemy_mutated_grub,2736.0,23.0,67.0,0.0
2,20,200,3.0,18.7694092174451,72,42.0,70.0,0.0,enemy_echo_bat,2189.0,3.0,89.0,18.0
2,20,200,3.0,18.7694092174451,72,84.0,54.0,0.0,enemy_elite_rusher,349287.0,36.0,134.0,0.0
2,20,200,3.0,18.7694092174451,72,69.0,59.0,47.0,enemy_underworld_wolf,419144.0,21.0,123.0,16.0
3,1,0,0.0,2.84391534391534,96,0.0,100.0,0.0,enemy_mutated_grub,31.0,5.0,66.0,0.0
3,1,0,0.0,2.84391534391534,96,0.0,100.0,0.0,enemy_echo_bat,25.0,1.0,88.0,4.0
3,1,0,0.0,2.84391534391534,96,0.0,100.0,0.0,enemy_elite_rusher,624.0,8.0,133.0,0.0
3,1,0,0.0,2.84391534391534,96,8.0,93.0,11.0,enemy_underworld_wolf,749.0,5.0,122.0,4.0
3,1,10,0.0,3.12830687830688,96,0.0,100.0,0.0,enemy_mutated_grub,37.0,6.0,66.0,0.0
3,1,10,0.0,3.12830687830688,96,0.0,100.0,0.0,enemy_echo_bat,29.0,1.0,88.0,4.0
3,1,10,0.0,3.12830687830688,96,0.0,100.0,0.0,enemy_elite_rusher,736.0,9.0,133.0,0.0
3,1,10,0.0,3.12830687830688,96,9.0,92.0,11.0,enemy_underworld_wolf,884.0,5.0,122.0,4.0
3,1,30,0.0,3.69708994708995,96,0.0,100.0,0.0,enemy_mutated_grub,48.0,7.0,66.0,0.0
3,1,30,0.0,3.69708994708995,96,0.0,100.0,0.0,enemy_echo_bat,38.0,1.0,88.0,5.0
3,1,30,0.0,3.69708994708995,96,0.0,100.0,0.0,enemy_elite_rusher,961.0,10.0,133.0,0.0
3,1,30,0.0,3.69708994708995,96,11.0,90.0,13.0,enemy_underworld_wolf,1153.0,6.0,122.0,4.0
3,1,50,0.0,4.26587301587302,96,0.0,100.0,0.0,enemy_mutated_grub,71.0,8.0,66.0,0.0
3,1,50,0.0,4.26587301587302,96,0.0,100.0,0.0,enemy_echo_bat,56.0,1.0,88.0,6.0
3,1,50,0.0,4.26587301587302,96,0.0,100.0,0.0,enemy_elite_rusher,1410.0,12.0,133.0,0.0
3,1,50,0.0,4.26587301587302,96,13.0,88.0,16.0,enemy_underworld_wolf,1692.0,7.0,122.0,5.0
3,1,60,0.0,4.55026455026455,96,0.0,100.0,0.0,enemy_mutated_grub,82.0,9.0,66.0,0.0
3,1,60,0.0,4.55026455026455,96,0.0,100.0,0.0,enemy_echo_bat,65.0,1.0,88.0,7.0
3,1,60,0.0,4.55026455026455,96,0.0,100.0,0.0,enemy_elite_rusher,1635.0,13.0,133.0,0.0
3,1,60,0.0,4.55026455026455,96,14.0,88.0,17.0,enemy_underworld_wolf,1962.0,8.0,122.0,6.0
3,1,100,0.0,5.68783068783069,96,0.0,100.0,0.0,enemy_mutated_grub,149.0,12.0,66.0,0.0
3,1,100,0.0,5.68783068783069,96,0.0,100.0,0.0,enemy_echo_bat,119.0,1.0,88.0,9.0
3,1,100,0.0,5.68783068783069,96,0.0,100.0,0.0,enemy_elite_rusher,2983.0,18.0,133.0,0.0
3,1,100,0.0,5.68783068783069,96,18.0,85.0,23.0,enemy_underworld_wolf,3579.0,10.0,122.0,8.0
3,1,150,0.0,7.10978835978836,96,0.0,100.0,0.0,enemy_mutated_grub,233.0,16.0,66.0,0.0
3,1,150,0.0,7.10978835978836,96,0.0,100.0,0.0,enemy_echo_bat,187.0,2.0,88.0,12.0
3,1,150,0.0,7.10978835978836,96,0.0,100.0,0.0,enemy_elite_rusher,4668.0,24.0,133.0,0.0
3,1,150,0.0,7.10978835978836,96,24.0,81.0,31.0,enemy_underworld_wolf,5601.0,14.0,122.0,10.0
3,1,200,0.0,8.53174603174603,96,0.0,100.0,0.0,enemy_mutated_grub,318.0,20.0,66.0,0.0
3,1,200,0.0,8.53174603174603,96,0.0,100.0,0.0,enemy_echo_bat,254.0,2.0,88.0,15.0
3,1,200,0.0,8.53174603174603,96,0.0,100.0,0.0,enemy_elite_rusher,6352.0,30.0,133.0,0.0
3,1,200,0.0,8.53174603174603,96,29.0,78.0,39.0,enemy_underworld_wolf,7623.0,17.0,122.0,13.0
3,10,0,1.625,6.84303474178404,96,6.0,94.0,0.0,enemy_mutated_grub,154.0,6.0,69.0,0.0
3,10,0,1.625,6.84303474178404,96,6.0,94.0,0.0,enemy_echo_bat,123.0,1.0,92.0,5.0
3,10,0,1.625,6.84303474178404,96,12.0,89.0,0.0,enemy_elite_rusher,4325.0,9.0,139.0,0.0
3,10,0,1.625,6.84303474178404,96,14.0,88.0,12.0,enemy_underworld_wolf,5190.0,5.0,127.0,4.0
3,10,10,1.7875,7.52733821596244,96,7.0,93.0,0.0,enemy_mutated_grub,182.0,7.0,69.0,0.0
3,10,10,1.7875,7.52733821596244,96,7.0,93.0,0.0,enemy_echo_bat,146.0,1.0,92.0,5.0
3,10,10,1.7875,7.52733821596244,96,13.0,88.0,0.0,enemy_elite_rusher,5103.0,10.0,139.0,0.0
3,10,10,1.7875,7.52733821596244,96,15.0,87.0,13.0,enemy_underworld_wolf,6124.0,6.0,127.0,4.0
3,10,30,2.1125,8.89594516431925,96,8.0,93.0,0.0,enemy_mutated_grub,238.0,8.0,69.0,0.0
3,10,30,2.1125,8.89594516431925,96,8.0,93.0,0.0,enemy_echo_bat,190.0,1.0,92.0,6.0
3,10,30,2.1125,8.89594516431925,96,16.0,86.0,0.0,enemy_elite_rusher,6660.0,12.0,139.0,0.0
3,10,30,2.1125,8.89594516431925,96,19.0,84.0,15.0,enemy_underworld_wolf,7992.0,7.0,127.0,5.0
3,10,50,2.4375,10.2645521126761,96,10.0,91.0,0.0,enemy_mutated_grub,349.0,9.0,69.0,0.0
3,10,50,2.4375,10.2645521126761,96,10.0,91.0,0.0,enemy_echo_bat,279.0,1.0,92.0,7.0
3,10,50,2.4375,10.2645521126761,96,20.0,83.0,0.0,enemy_elite_rusher,9774.0,14.0,139.0,0.0
3,10,50,2.4375,10.2645521126761,96,23.0,81.0,18.0,enemy_underworld_wolf,11729.0,8.0,127.0,6.0
3,10,60,2.6,10.9488555868545,96,11.0,90.0,0.0,enemy_mutated_grub,404.0,10.0,69.0,0.0
3,10,60,2.6,10.9488555868545,96,11.0,90.0,0.0,enemy_echo_bat,324.0,1.0,92.0,8.0
3,10,60,2.6,10.9488555868545,96,21.0,83.0,0.0,enemy_elite_rusher,11331.0,15.0,139.0,0.0
3,10,60,2.6,10.9488555868545,96,25.0,80.0,19.0,enemy_underworld_wolf,13598.0,9.0,127.0,6.0
3,10,100,3.0,13.6860694835681,96,14.0,88.0,0.0,enemy_mutated_grub,738.0,13.0,69.0,0.0
3,10,100,3.0,13.6860694835681,96,14.0,88.0,0.0,enemy_echo_bat,590.0,1.0,92.0,10.0
3,10,100,3.0,13.6860694835681,96,27.0,79.0,0.0,enemy_elite_rusher,20673.0,20.0,139.0,0.0
3,10,100,3.0,13.6860694835681,96,32.0,76.0,27.0,enemy_underworld_wolf,24808.0,12.0,127.0,9.0
3,10,150,3.0,17.1075868544601,96,18.0,85.0,0.0,enemy_mutated_grub,1155.0,18.0,69.0,0.0
3,10,150,3.0,17.1075868544601,96,18.0,85.0,0.0,enemy_echo_bat,924.0,2.0,92.0,14.0
3,10,150,3.0,17.1075868544601,96,35.0,74.0,0.0,enemy_elite_rusher,32351.0,27.0,139.0,0.0
3,10,150,3.0,17.1075868544601,96,41.0,71.0,36.0,enemy_underworld_wolf,38821.0,16.0,127.0,12.0
3,10,200,3.0,20.5291042253521,96,22.0,82.0,0.0,enemy_mutated_grub,1571.0,22.0,69.0,0.0
3,10,200,3.0,20.5291042253521,96,22.0,82.0,0.0,enemy_echo_bat,1257.0,2.0,92.0,17.0
3,10,200,3.0,20.5291042253521,96,43.0,70.0,0.0,enemy_elite_rusher,44028.0,34.0,139.0,0.0
3,10,200,3.0,20.5291042253521,96,51.0,66.0,45.0,enemy_underworld_wolf,52833.0,20.0,127.0,15.0
3,20,0,3.0,10.2647990219905,96,12.0,89.0,0.0,enemy_mutated_grub,291.0,7.0,73.0,0.0
3,20,0,3.0,10.2647990219905,96,12.0,89.0,0.0,enemy_echo_bat,233.0,1.0,97.0,5.0
3,20,0,3.0,10.2647990219905,96,25.0,80.0,0.0,enemy_elite_rusher,37170.0,10.0,145.0,0.0
3,20,0,3.0,10.2647990219905,96,20.0,83.0,14.0,enemy_underworld_wolf,44604.0,6.0,133.0,5.0
3,20,10,3.0,11.2912789241895,96,14.0,88.0,0.0,enemy_mutated_grub,344.0,7.0,73.0,0.0
3,20,10,3.0,11.2912789241895,96,14.0,88.0,0.0,enemy_echo_bat,275.0,1.0,97.0,6.0
3,20,10,3.0,11.2912789241895,96,28.0,78.0,0.0,enemy_elite_rusher,43861.0,11.0,145.0,0.0
3,20,10,3.0,11.2912789241895,96,23.0,81.0,15.0,enemy_underworld_wolf,52633.0,7.0,133.0,5.0
3,20,30,3.0,13.3442387285876,96,17.0,85.0,0.0,enemy_mutated_grub,448.0,9.0,73.0,0.0
3,20,30,3.0,13.3442387285876,96,17.0,85.0,0.0,enemy_echo_bat,359.0,1.0,97.0,7.0
3,20,30,3.0,13.3442387285876,96,35.0,74.0,0.0,enemy_elite_rusher,57242.0,13.0,145.0,0.0
3,20,30,3.0,13.3442387285876,96,28.0,78.0,17.0,enemy_underworld_wolf,68691.0,8.0,133.0,6.0
3,20,50,3.0,15.3971985329857,96,21.0,83.0,0.0,enemy_mutated_grub,658.0,10.0,73.0,0.0
3,20,50,3.0,15.3971985329857,96,21.0,83.0,0.0,enemy_echo_bat,526.0,1.0,97.0,8.0
3,20,50,3.0,15.3971985329857,96,41.0,71.0,0.0,enemy_elite_rusher,84005.0,16.0,145.0,0.0
3,20,50,3.0,15.3971985329857,96,34.0,75.0,20.0,enemy_underworld_wolf,100806.0,9.0,133.0,7.0
3,20,60,3.0,16.4236784351848,96,22.0,82.0,0.0,enemy_mutated_grub,763.0,11.0,73.0,0.0
3,20,60,3.0,16.4236784351848,96,22.0,82.0,0.0,enemy_echo_bat,610.0,1.0,97.0,9.0
3,20,60,3.0,16.4236784351848,96,45.0,69.0,0.0,enemy_elite_rusher,97386.0,17.0,145.0,0.0
3,20,60,3.0,16.4236784351848,96,36.0,74.0,22.0,enemy_underworld_wolf,116864.0,10.0,133.0,7.0
3,20,100,3.0,20.529598043981,96,29.0,78.0,0.0,enemy_mutated_grub,1392.0,15.0,73.0,0.0
3,20,100,3.0,20.529598043981,96,29.0,78.0,0.0,enemy_echo_bat,1114.0,2.0,97.0,12.0
3,20,100,3.0,20.529598043981,96,58.0,63.0,0.0,enemy_elite_rusher,177674.0,23.0,145.0,0.0
3,20,100,3.0,20.529598043981,96,47.0,68.0,30.0,enemy_underworld_wolf,213209.0,13.0,133.0,10.0
3,20,150,3.0,25.6619975549762,96,37.0,73.0,0.0,enemy_mutated_grub,2178.0,20.0,73.0,0.0
3,20,150,3.0,25.6619975549762,96,37.0,73.0,0.0,enemy_echo_bat,1743.0,2.0,97.0,16.0
3,20,150,3.0,25.6619975549762,96,75.0,57.0,0.0,enemy_elite_rusher,278034.0,31.0,145.0,0.0
3,20,150,3.0,25.6619975549762,96,61.0,62.0,40.0,enemy_underworld_wolf,333641.0,18.0,133.0,13.0
3,20,200,3.0,30.7943970659715,96,46.0,68.0,0.0,enemy_mutated_grub,2964.0,25.0,73.0,0.0
3,20,200,3.0,30.7943970659715,96,46.0,68.0,0.0,enemy_echo_bat,2372.0,3.0,97.0,20.0
3,20,200,3.0,30.7943970659715,96,91.0,52.0,0.0,enemy_elite_rusher,378394.0,39.0,145.0,0.0
3,20,200,3.0,30.7943970659715,96,75.0,57.0,50.0,enemy_underworld_wolf,454073.0,22.0,133.0,17.0
