erosion,spawn_count_multiplier,max_hp_multiplier,damage_multiplier,armor_multiplier,raw_hp_supply_multiplier,tier1_wave1,tier1_wave10,tier1_wave15,tier1_wave2,tier1_wave20,tier2_wave1,tier2_wave10,tier2_wave15,tier2_wave2,tier2_wave20,tier3_wave1,tier3_wave10,tier3_wave15,tier3_wave2,tier3_wave20
0.0,1.0,1.0,1.0,1.0,1.0,0.0,1.25,1.875,1.0,2.5,0.0,1.4375,2.15625,1.15,2.875,0.0,1.625,2.4375,1.3,3.0
1.0,1.01,1.018,1.009,1.0135,1.02818,0.0,1.2625,1.89375,1.01,2.525,0.0,1.451875,2.1778125,1.1615,2.90375,0.0,1.64125,2.461875,1.313,3.0
2.0,1.02,1.036,1.018,1.027,1.05672,0.0,1.275,1.9125,1.02,2.55,0.0,1.46625,2.199375,1.173,2.9325,0.0,1.6575,2.48625,1.326,3.0
3.0,1.03,1.054,1.027,1.0405,1.08562,0.0,1.2875,1.93125,1.03,2.575,0.0,1.480625,2.2209375,1.1845,2.96125,0.0,1.67375,2.510625,1.339,3.0
4.0,1.04,1.072,1.036,1.054,1.11488,0.0,1.3,1.95,1.04,2.6,0.0,1.495,2.2425,1.196,2.99,0.0,1.69,2.535,1.352,3.0
5.0,1.05,1.09,1.045,1.0675,1.1445,0.0,1.3125,1.96875,1.05,2.625,0.0,1.509375,2.2640625,1.2075,3.0,0.0,1.70625,2.559375,1.365,3.0
6.0,1.06,1.108,1.054,1.081,1.1744800000000002,0.0,1.325,1.9875,1.06,2.65,0.0,1.52375,2.285625,1.219,3.0,0.0,1.7225,2.58375,1.378,3.0
7.0,1.07,1.126,1.063,1.0945,1.20482,0.0,1.3375,2.00625,1.07,2.675,0.0,1.538125,2.3071875,1.2305,3.0,0.0,1.73875,2.608125,1.391,3.0
8.0,1.08,1.144,1.072,1.108,1.23552,0.0,1.35,2.025,1.08,2.7,0.0,1.5525,2.32875,1.242,3.0,0.0,1.755,2.6325,1.404,3.0
9.0,1.09,1.162,1.081,1.1215,1.26658,0.0,1.3625,2.04375,1.09,2.725,0.0,1.566875,2.3503125,1.2535,3.0,0.0,1.77125,2.656875,1.417,3.0
10.0,1.1,1.18,1.09,1.135,1.298,0.0,1.375,2.0625,1.1,2.75,0.0,1.58125,2.371875,1.265,3.0,0.0,1.7875,2.68125,1.43,3.0
11.0,1.11,1.198,1.099,1.1485,1.32978,0.0,1.3875,2.08125,1.11,2.775,0.0,1.595625,2.3934375,1.2765,3.0,0.0,1.80375,2.705625,1.443,3.0
12.0,1.12,1.216,1.108,1.162,1.36192,0.0,1.4,2.1,1.12,2.8,0.0,1.61,2.415,1.288,3.0,0.0,1.82,2.73,1.456,3.0
13.0,1.13,1.234,1.117,1.1755,1.3944199999999998,0.0,1.4125,2.11875,1.13,2.825,0.0,1.624375,2.4365625,1.2995,3.0,0.0,1.83625,2.754375,1.469,3.0
14.0,1.14,1.252,1.126,1.189,1.4272799999999999,0.0,1.425,2.1375,1.14,2.85,0.0,1.63875,2.458125,1.311,3.0,0.0,1.8525,2.77875,1.482,3.0
15.0,1.15,1.27,1.135,1.2025,1.4605,0.0,1.4375,2.15625,1.15,2.875,0.0,1.653125,2.4796875,1.3225,3.0,0.0,1.86875,2.803125,1.495,3.0
16.0,1.16,1.288,1.144,1.216,1.4940799999999999,0.0,1.45,2.175,1.16,2.9,0.0,1.6675,2.50125,1.334,3.0,0.0,1.885,2.8275,1.508,3.0
17.0,1.17,1.306,1.153,1.2295,1.52802,0.0,1.4625,2.19375,1.17,2.925,0.0,1.681875,2.5228125,1.3455,3.0,0.0,1.90125,2.851875,1.521,3.0
18.0,1.18,1.324,1.162,1.243,1.56232,0.0,1.475,2.2125,1.18,2.95,0.0,1.69625,2.544375,1.357,3.0,0.0,1.9175,2.87625,1.534,3.0
19.0,1.19,1.342,1.171,1.2565,1.59698,0.0,1.4875,2.23125,1.19,2.975,0.0,1.710625,2.5659375,1.3685,3.0,0.0,1.93375,2.900625,1.547,3.0
20.0,1.2,1.36,1.18,1.27,1.6320000000000001,0.0,1.5,2.25,1.2,3.0,0.0,1.725,2.5875,1.38,3.0,0.0,1.95,2.925,1.56,3.0
21.0,1.21,1.378,1.189,1.2835,1.6673799999999999,0.0,1.5125,2.26875,1.21,3.0,0.0,1.739375,2.6090625,1.3915,3.0,0.0,1.96625,2.949375,1.573,3.0
22.0,1.22,1.396,1.198,1.297,1.7031199999999997,0.0,1.525,2.2875,1.22,3.0,0.0,1.75375,2.630625,1.403,3.0,0.0,1.9825,2.97375,1.586,3.0
23.0,1.23,1.414,1.207,1.3105,1.73922,0.0,1.5375,2.30625,1.23,3.0,0.0,1.768125,2.6521875,1.4145,3.0,0.0,1.99875,2.998125,1.599,3.0
24.0,1.24,1.432,1.216,1.324,1.77568,0.0,1.55,2.325,1.24,3.0,0.0,1.7825,2.67375,1.426,3.0,0.0,2.015,3.0,1.612,3.0
25.0,1.25,1.45,1.225,1.3375,1.8125,0.0,1.5625,2.34375,1.25,3.0,0.0,1.796875,2.6953125,1.4375,3.0,0.0,2.03125,3.0,1.625,3.0
26.0,1.26,1.468,1.234,1.351,1.84968,0.0,1.575,2.3625,1.26,3.0,0.0,1.81125,2.716875,1.449,3.0,0.0,2.0475,3.0,1.638,3.0
27.0,1.27,1.486,1.243,1.3645,1.8872200000000001,0.0,1.5875,2.38125,1.27,3.0,0.0,1.825625,2.7384375,1.4605,3.0,0.0,2.06375,3.0,1.651,3.0
28.0,1.28,1.504,1.252,1.378,1.92512,0.0,1.6,2.4,1.28,3.0,0.0,1.84,2.76,1.472,3.0,0.0,2.08,3.0,1.664,3.0
29.0,1.29,1.522,1.261,1.3915,1.9633800000000001,0.0,1.6125,2.41875,1.29,3.0,0.0,1.854375,2.7815625,1.4835,3.0,0.0,2.09625,3.0,1.677,3.0
30.0,1.3,1.54,1.27,1.405,2.0020000000000002,0.0,1.625,2.4375,1.3,3.0,0.0,1.86875,2.803125,1.495,3.0,0.0,2.1125,3.0,1.69,3.0
31.0,1.31,1.576,1.282,1.4185,2.06456,0.0,1.6375,2.45625,1.31,3.0,0.0,1.883125,2.8246875,1.5065,3.0,0.0,2.12875,3.0,1.703,3.0
32.0,1.32,1.612,1.294,1.432,2.1278400000000004,0.0,1.65,2.475,1.32,3.0,0.0,1.8975,2.84625,1.518,3.0,0.0,2.145,3.0,1.716,3.0
33.0,1.33,1.648,1.306,1.4455,2.19184,0.0,1.6625,2.49375,1.33,3.0,0.0,1.911875,2.8678125,1.5295,3.0,0.0,2.16125,3.0,1.729,3.0
34.0,1.34,1.684,1.318,1.459,2.25656,0.0,1.675,2.5125,1.34,3.0,0.0,1.92625,2.889375,1.541,3.0,0.0,2.1775,3.0,1.742,3.0
35.0,1.35,1.72,1.33,1.4725,2.322,0.0,1.6875,2.53125,1.35,3.0,0.0,1.940625,2.9109375,1.5525,3.0,0.0,2.19375,3.0,1.755,3.0
36.0,1.36,1.756,1.342,1.486,2.38816,0.0,1.7,2.55,1.36,3.0,0.0,1.955,2.9325,1.564,3.0,0.0,2.21,3.0,1.768,3.0
37.0,1.37,1.792,1.354,1.4995,2.4550400000000003,0.0,1.7125,2.56875,1.37,3.0,0.0,1.969375,2.9540625,1.5755,3.0,0.0,2.22625,3.0,1.781,3.0
38.0,1.38,1.828,1.366,1.513,2.52264,0.0,1.725,2.5875,1.38,3.0,0.0,1.98375,2.975625,1.587,3.0,0.0,2.2425,3.0,1.794,3.0
39.0,1.39,1.864,1.378,1.5265,2.59096,0.0,1.7375,2.60625,1.39,3.0,0.0,1.998125,2.9971875,1.5985,3.0,0.0,2.25875,3.0,1.807,3.0
40.0,1.4,1.9,1.39,1.54,2.6599999999999997,0.0,1.75,2.625,1.4,3.0,0.0,2.0125,3.0,1.61,3.0,0.0,2.275,3.0,1.82,3.0
41.0,1.41,1.936,1.402,1.5535,2.7297599999999997,0.0,1.7625,2.64375,1.41,3.0,0.0,2.026875,3.0,1.6215,3.0,0.0,2.29125,3.0,1.833,3.0
42.0,1.42,1.972,1.414,1.567,2.8002399999999996,0.0,1.775,2.6625,1.42,3.0,0.0,2.04125,3.0,1.633,3.0,0.0,2.3075,3.0,1.846,3.0
43.0,1.43,2.008,1.426,1.5805,2.8714399999999998,0.0,1.7875,2.68125,1.43,3.0,0.0,2.055625,3.0,1.6445,3.0,0.0,2.32375,3.0,1.859,3.0
44.0,1.44,2.044,1.438,1.594,2.9433599999999998,0.0,1.8,2.7,1.44,3.0,0.0,2.07,3.0,1.656,3.0,0.0,2.34,3.0,1.872,3.0
45.0,1.45,2.08,1.45,1.6075,3.016,0.0,1.8125,2.71875,1.45,3.0,0.0,2.084375,3.0,1.6675,3.0,0.0,2.35625,3.0,1.885,3.0
46.0,1.46,2.116,1.462,1.621,3.08936,0.0,1.825,2.7375,1.46,3.0,0.0,2.09875,3.0,1.679,3.0,0.0,2.3725,3.0,1.898,3.0
47.0,1.47,2.152,1.474,1.6345,3.16344,0.0,1.8375,2.75625,1.47,3.0,0.0,2.113125,3.0,1.6905,3.0,0.0,2.38875,3.0,1.911,3.0
48.0,1.48,2.188,1.486,1.648,3.2382400000000002,0.0,1.85,2.775,1.48,3.0,0.0,2.1275,3.0,1.702,3.0,0.0,2.405,3.0,1.924,3.0
49.0,1.49,2.224,1.498,1.6615,3.3137600000000003,0.0,1.8625,2.79375,1.49,3.0,0.0,2.141875,3.0,1.7135,3.0,0.0,2.42125,3.0,1.937,3.0
50.0,1.5,2.26,1.51,1.675,3.3899999999999997,0.0,1.875,2.8125,1.5,3.0,0.0,2.15625,3.0,1.725,3.0,0.0,2.4375,3.0,1.95,3.0
51.0,1.51,2.296,1.522,1.6885,3.46696,0.0,1.8875,2.83125,1.51,3.0,0.0,2.170625,3.0,1.7365,3.0,0.0,2.45375,3.0,1.963,3.0
52.0,1.52,2.332,1.534,1.702,3.54464,0.0,1.9,2.85,1.52,3.0,0.0,2.185,3.0,1.748,3.0,0.0,2.47,3.0,1.976,3.0
53.0,1.53,2.368,1.546,1.7155,3.62304,0.0,1.9125,2.86875,1.53,3.0,0.0,2.199375,3.0,1.7595,3.0,0.0,2.48625,3.0,1.989,3.0
54.0,1.54,2.404,1.558,1.729,3.70216,0.0,1.925,2.8875,1.54,3.0,0.0,2.21375,3.0,1.771,3.0,0.0,2.5025,3.0,2.002,3.0
55.0,1.55,2.44,1.57,1.7425,3.782,0.0,1.9375,2.90625,1.55,3.0,0.0,2.228125,3.0,1.7825,3.0,0.0,2.51875,3.0,2.015,3.0
56.0,1.56,2.476,1.582,1.756,3.86256,0.0,1.95,2.925,1.56,3.0,0.0,2.2425,3.0,1.794,3.0,0.0,2.535,3.0,2.028,3.0
57.0,1.57,2.512,1.594,1.7695,3.9438400000000002,0.0,1.9625,2.94375,1.57,3.0,0.0,2.256875,3.0,1.8055,3.0,0.0,2.55125,3.0,2.041,3.0
58.0,1.58,2.548,1.606,1.783,4.0258400000000005,0.0,1.975,2.9625,1.58,3.0,0.0,2.27125,3.0,1.817,3.0,0.0,2.5675,3.0,2.054,3.0
59.0,1.59,2.584,1.618,1.7965,4.108560000000001,0.0,1.9875,2.98125,1.59,3.0,0.0,2.285625,3.0,1.8285,3.0,0.0,2.58375,3.0,2.067,3.0
60.0,1.6,2.62,1.63,1.81,4.192,0.0,2.0,3.0,1.6,3.0,0.0,2.3,3.0,1.84,3.0,0.0,2.6,3.0,2.08,3.0
61.0,1.61,2.674,1.645,1.8235,4.30514,0.0,2.0125,3.0,1.61,3.0,0.0,2.314375,3.0,1.8515,3.0,0.0,2.61625,3.0,2.093,3.0
62.0,1.62,2.728,1.66,1.837,4.41936,0.0,2.025,3.0,1.62,3.0,0.0,2.32875,3.0,1.863,3.0,0.0,2.6325,3.0,2.106,3.0
63.0,1.63,2.782,1.675,1.8505,4.53466,0.0,2.0375,3.0,1.63,3.0,0.0,2.343125,3.0,1.8745,3.0,0.0,2.64875,3.0,2.119,3.0
64.0,1.64,2.836,1.69,1.864,4.651039999999999,0.0,2.05,3.0,1.64,3.0,0.0,2.3575,3.0,1.886,3.0,0.0,2.665,3.0,2.132,3.0
65.0,1.65,2.89,1.705,1.8775,4.7684999999999995,0.0,2.0625,3.0,1.65,3.0,0.0,2.371875,3.0,1.8975,3.0,0.0,2.68125,3.0,2.145,3.0
66.0,1.66,2.944,1.72,1.891,4.88704,0.0,2.075,3.0,1.66,3.0,0.0,2.38625,3.0,1.909,3.0,0.0,2.6975,3.0,2.158,3.0
67.0,1.67,2.998,1.735,1.9045,5.00666,0.0,2.0875,3.0,1.67,3.0,0.0,2.400625,3.0,1.9205,3.0,0.0,2.71375,3.0,2.171,3.0
68.0,1.68,3.052,1.75,1.918,5.1273599999999995,0.0,2.1,3.0,1.68,3.0,0.0,2.415,3.0,1.932,3.0,0.0,2.73,3.0,2.184,3.0
69.0,1.69,3.106,1.765,1.9315,5.24914,0.0,2.1125,3.0,1.69,3.0,0.0,2.429375,3.0,1.9435,3.0,0.0,2.74625,3.0,2.197,3.0
70.0,1.7,3.16,1.78,1.945,5.372,0.0,2.125,3.0,1.7,3.0,0.0,2.44375,3.0,1.955,3.0,0.0,2.7625,3.0,2.21,3.0
71.0,1.71,3.214,1.795,1.9585,5.49594,0.0,2.1375,3.0,1.71,3.0,0.0,2.458125,3.0,1.9665,3.0,0.0,2.77875,3.0,2.223,3.0
72.0,1.72,3.268,1.81,1.972,5.620959999999999,0.0,2.15,3.0,1.72,3.0,0.0,2.4725,3.0,1.978,3.0,0.0,2.795,3.0,2.236,3.0
73.0,1.73,3.322,1.825,1.9855,5.74706,0.0,2.1625,3.0,1.73,3.0,0.0,2.486875,3.0,1.9895,3.0,0.0,2.81125,3.0,2.249,3.0
74.0,1.74,3.376,1.84,1.999,5.8742399999999995,0.0,2.175,3.0,1.74,3.0,0.0,2.50125,3.0,2.001,3.0,0.0,2.8275,3.0,2.262,3.0
75.0,1.75,3.43,1.855,2.0125,6.0025,0.0,2.1875,3.0,1.75,3.0,0.0,2.515625,3.0,2.0125,3.0,0.0,2.84375,3.0,2.275,3.0
76.0,1.76,3.484,1.87,2.026,6.13184,0.0,2.2,3.0,1.76,3.0,0.0,2.53,3.0,2.024,3.0,0.0,2.86,3.0,2.288,3.0
77.0,1.77,3.538,1.885,2.0395,6.2622599999999995,0.0,2.2125,3.0,1.77,3.0,0.0,2.544375,3.0,2.0355,3.0,0.0,2.87625,3.0,2.301,3.0
78.0,1.78,3.592,1.9,2.053,6.39376,0.0,2.225,3.0,1.78,3.0,0.0,2.55875,3.0,2.047,3.0,0.0,2.8925,3.0,2.314,3.0
79.0,1.79,3.646,1.915,2.0665,6.52634,0.0,2.2375,3.0,1.79,3.0,0.0,2.573125,3.0,2.0585,3.0,0.0,2.90875,3.0,2.327,3.0
80.0,1.8,3.7,1.93,2.08,6.66,0.0,2.25,3.0,1.8,3.0,0.0,2.5875,3.0,2.07,3.0,0.0,2.925,3.0,2.34,3.0
81.0,1.81,3.754,1.945,2.0935,6.79474,0.0,2.2625,3.0,1.81,3.0,0.0,2.601875,3.0,2.0815,3.0,0.0,2.94125,3.0,2.353,3.0
82.0,1.82,3.808,1.96,2.107,6.93056,0.0,2.275,3.0,1.82,3.0,0.0,2.61625,3.0,2.093,3.0,0.0,2.9575,3.0,2.366,3.0
83.0,1.83,3.862,1.975,2.1205,7.0674600000000005,0.0,2.2875,3.0,1.83,3.0,0.0,2.630625,3.0,2.1045,3.0,0.0,2.97375,3.0,2.379,3.0
84.0,1.84,3.916,1.99,2.134,7.20544,0.0,2.3,3.0,1.84,3.0,0.0,2.645,3.0,2.116,3.0,0.0,2.99,3.0,2.392,3.0
85.0,1.85,3.97,2.005,2.1475,7.344500000000001,0.0,2.3125,3.0,1.85,3.0,0.0,2.659375,3.0,2.1275,3.0,0.0,3.0,3.0,2.405,3.0
86.0,1.86,4.024,2.02,2.161,7.484640000000001,0.0,2.325,3.0,1.86,3.0,0.0,2.67375,3.0,2.139,3.0,0.0,3.0,3.0,2.418,3.0
87.0,1.87,4.078,2.035,2.1745,7.625860000000001,0.0,2.3375,3.0,1.87,3.0,0.0,2.688125,3.0,2.1505,3.0,0.0,3.0,3.0,2.431,3.0
88.0,1.88,4.132,2.05,2.188,7.768159999999999,0.0,2.35,3.0,1.88,3.0,0.0,2.7025,3.0,2.162,3.0,0.0,3.0,3.0,2.444,3.0
89.0,1.89,4.186,2.065,2.2015,7.91154,0.0,2.3625,3.0,1.89,3.0,0.0,2.716875,3.0,2.1735,3.0,0.0,3.0,3.0,2.457,3.0
90.0,1.9,4.24,2.08,2.215,8.056,0.0,2.375,3.0,1.9,3.0,0.0,2.73125,3.0,2.185,3.0,0.0,3.0,3.0,2.47,3.0
91.0,1.91,4.294,2.095,2.2285,8.20154,0.0,2.3875,3.0,1.91,3.0,0.0,2.745625,3.0,2.1965,3.0,0.0,3.0,3.0,2.483,3.0
92.0,1.92,4.348,2.11,2.242,8.34816,0.0,2.4,3.0,1.92,3.0,0.0,2.76,3.0,2.208,3.0,0.0,3.0,3.0,2.496,3.0
93.0,1.93,4.402,2.125,2.2555,8.49586,0.0,2.4125,3.0,1.93,3.0,0.0,2.774375,3.0,2.2195,3.0,0.0,3.0,3.0,2.509,3.0
94.0,1.94,4.456,2.14,2.269,8.64464,0.0,2.425,3.0,1.94,3.0,0.0,2.78875,3.0,2.231,3.0,0.0,3.0,3.0,2.522,3.0
95.0,1.95,4.51,2.155,2.2825,8.7945,0.0,2.4375,3.0,1.95,3.0,0.0,2.803125,3.0,2.2425,3.0,0.0,3.0,3.0,2.535,3.0
96.0,1.96,4.564,2.17,2.296,8.94544,0.0,2.45,3.0,1.96,3.0,0.0,2.8175,3.0,2.254,3.0,0.0,3.0,3.0,2.548,3.0
97.0,1.97,4.618,2.185,2.3095,9.09746,0.0,2.4625,3.0,1.97,3.0,0.0,2.831875,3.0,2.2655,3.0,0.0,3.0,3.0,2.561,3.0
98.0,1.98,4.672,2.2,2.323,9.25056,0.0,2.475,3.0,1.98,3.0,0.0,2.84625,3.0,2.277,3.0,0.0,3.0,3.0,2.574,3.0
99.0,1.99,4.726,2.215,2.3365,9.40474,0.0,2.4875,3.0,1.99,3.0,0.0,2.860625,3.0,2.2885,3.0,0.0,3.0,3.0,2.587,3.0
100.0,2.0,4.78,2.23,2.35,9.56,0.0,2.5,3.0,2.0,3.0,0.0,2.875,3.0,2.3,3.0,0.0,3.0,3.0,2.6,3.0
101.0,2.01,4.834,2.245,2.3635,9.716339999999999,0.0,2.5,3.0,2.0,3.0,0.0,2.875,3.0,2.3,3.0,0.0,3.0,3.0,2.6,3.0
102.0,2.02,4.888,2.26,2.377,9.87376,0.0,2.5,3.0,2.0,3.0,0.0,2.875,3.0,2.3,3.0,0.0,3.0,3.0,2.6,3.0
103.0,2.03,4.942,2.275,2.3905,10.032259999999999,0.0,2.5,3.0,2.0,3.0,0.0,2.875,3.0,2.3,3.0,0.0,3.0,3.0,2.6,3.0
104.0,2.04,4.996,2.29,2.404,10.191840000000001,0.0,2.5,3.0,2.0,3.0,0.0,2.875,3.0,2.3,3.0,0.0,3.0,3.0,2.6,3.0
105.0,2.05,5.05,2.305,2.4175,10.3525,0.0,2.5,3.0,2.0,3.0,0.0,2.875,3.0,2.3,3.0,0.0,3.0,3.0,2.6,3.0
106.0,2.06,5.104,2.32,2.431,10.514240000000001,0.0,2.5,3.0,2.0,3.0,0.0,2.875,3.0,2.3,3.0,0.0,3.0,3.0,2.6,3.0
107.0,2.07,5.158,2.335,2.4445,10.677059999999999,0.0,2.5,3.0,2.0,3.0,0.0,2.875,3.0,2.3,3.0,0.0,3.0,3.0,2.6,3.0
108.0,2.08,5.212,2.35,2.458,10.840959999999999,0.0,2.5,3.0,2.0,3.0,0.0,2.875,3.0,2.3,3.0,0.0,3.0,3.0,2.6,3.0
109.0,2.09,5.266,2.365,2.4715,11.005939999999999,0.0,2.5,3.0,2.0,3.0,0.0,2.875,3.0,2.3,3.0,0.0,3.0,3.0,2.6,3.0
110.0,2.1,5.32,2.38,2.485,11.172,0.0,2.5,3.0,2.0,3.0,0.0,2.875,3.0,2.3,3.0,0.0,3.0,3.0,2.6,3.0
111.0,2.11,5.374,2.395,2.4985,11.339139999999999,0.0,2.5,3.0,2.0,3.0,0.0,2.875,3.0,2.3,3.0,0.0,3.0,3.0,2.6,3.0
112.0,2.12,5.428,2.41,2.512,11.50736,0.0,2.5,3.0,2.0,3.0,0.0,2.875,3.0,2.3,3.0,0.0,3.0,3.0,2.6,3.0
113.0,2.13,5.482,2.425,2.5255,11.67666,0.0,2.5,3.0,2.0,3.0,0.0,2.875,3.0,2.3,3.0,0.0,3.0,3.0,2.6,3.0
114.0,2.14,5.536,2.44,2.539,11.84704,0.0,2.5,3.0,2.0,3.0,0.0,2.875,3.0,2.3,3.0,0.0,3.0,3.0,2.6,3.0
115.0,2.15,5.59,2.455,2.5525,12.0185,0.0,2.5,3.0,2.0,3.0,0.0,2.875,3.0,2.3,3.0,0.0,3.0,3.0,2.6,3.0
116.0,2.16,5.644,2.47,2.566,12.191040000000001,0.0,2.5,3.0,2.0,3.0,0.0,2.875,3.0,2.3,3.0,0.0,3.0,3.0,2.6,3.0
117.0,2.17,5.698,2.485,2.5795,12.36466,0.0,2.5,3.0,2.0,3.0,0.0,2.875,3.0,2.3,3.0,0.0,3.0,3.0,2.6,3.0
118.0,2.18,5.752,2.5,2.593,12.53936,0.0,2.5,3.0,2.0,3.0,0.0,2.875,3.0,2.3,3.0,0.0,3.0,3.0,2.6,3.0
119.0,2.19,5.806,2.515,2.6065,12.71514,0.0,2.5,3.0,2.0,3.0,0.0,2.875,3.0,2.3,3.0,0.0,3.0,3.0,2.6,3.0
120.0,2.2,5.86,2.53,2.62,12.892000000000001,0.0,2.5,3.0,2.0,3.0,0.0,2.875,3.0,2.3,3.0,0.0,3.0,3.0,2.6,3.0
121.0,2.21,5.914,2.545,2.6335,13.069939999999999,0.0,2.5,3.0,2.0,3.0,0.0,2.875,3.0,2.3,3.0,0.0,3.0,3.0,2.6,3.0
122.0,2.22,5.968,2.56,2.647,13.24896,0.0,2.5,3.0,2.0,3.0,0.0,2.875,3.0,2.3,3.0,0.0,3.0,3.0,2.6,3.0
123.0,2.23,6.022,2.575,2.6605,13.42906,0.0,2.5,3.0,2.0,3.0,0.0,2.875,3.0,2.3,3.0,0.0,3.0,3.0,2.6,3.0
124.0,2.24,6.076,2.59,2.674,13.610240000000001,0.0,2.5,3.0,2.0,3.0,0.0,2.875,3.0,2.3,3.0,0.0,3.0,3.0,2.6,3.0
125.0,2.25,6.13,2.605,2.6875,13.7925,0.0,2.5,3.0,2.0,3.0,0.0,2.875,3.0,2.3,3.0,0.0,3.0,3.0,2.6,3.0
126.0,2.26,6.184,2.62,2.701,13.97584,0.0,2.5,3.0,2.0,3.0,0.0,2.875,3.0,2.3,3.0,0.0,3.0,3.0,2.6,3.0
127.0,2.27,6.238,2.635,2.7145,14.160260000000001,0.0,2.5,3.0,2.0,3.0,0.0,2.875,3.0,2.3,3.0,0.0,3.0,3.0,2.6,3.0
128.0,2.28,6.292,2.65,2.728,14.345759999999999,0.0,2.5,3.0,2.0,3.0,0.0,2.875,3.0,2.3,3.0,0.0,3.0,3.0,2.6,3.0
129.0,2.29,6.346,2.665,2.7415,14.53234,0.0,2.5,3.0,2.0,3.0,0.0,2.875,3.0,2.3,3.0,0.0,3.0,3.0,2.6,3.0
130.0,2.3,6.4,2.68,2.755,14.719999999999999,0.0,2.5,3.0,2.0,3.0,0.0,2.875,3.0,2.3,3.0,0.0,3.0,3.0,2.6,3.0
131.0,2.31,6.454,2.695,2.7685,14.90874,0.0,2.5,3.0,2.0,3.0,0.0,2.875,3.0,2.3,3.0,0.0,3.0,3.0,2.6,3.0
132.0,2.32,6.508,2.71,2.782,15.098559999999999,0.0,2.5,3.0,2.0,3.0,0.0,2.875,3.0,2.3,3.0,0.0,3.0,3.0,2.6,3.0
133.0,2.33,6.562,2.725,2.7955,15.289460000000002,0.0,2.5,3.0,2.0,3.0,0.0,2.875,3.0,2.3,3.0,0.0,3.0,3.0,2.6,3.0
134.0,2.34,6.616,2.74,2.809,15.481439999999997,0.0,2.5,3.0,2.0,3.0,0.0,2.875,3.0,2.3,3.0,0.0,3.0,3.0,2.6,3.0
135.0,2.35,6.67,2.755,2.8225,15.6745,0.0,2.5,3.0,2.0,3.0,0.0,2.875,3.0,2.3,3.0,0.0,3.0,3.0,2.6,3.0
136.0,2.36,6.724,2.77,2.836,15.86864,0.0,2.5,3.0,2.0,3.0,0.0,2.875,3.0,2.3,3.0,0.0,3.0,3.0,2.6,3.0
137.0,2.37,6.778,2.785,2.8495,16.06386,0.0,2.5,3.0,2.0,3.0,0.0,2.875,3.0,2.3,3.0,0.0,3.0,3.0,2.6,3.0
138.0,2.38,6.832,2.8,2.863,16.26016,0.0,2.5,3.0,2.0,3.0,0.0,2.875,3.0,2.3,3.0,0.0,3.0,3.0,2.6,3.0
139.0,2.39,6.886,2.815,2.8765,16.45754,0.0,2.5,3.0,2.0,3.0,0.0,2.875,3.0,2.3,3.0,0.0,3.0,3.0,2.6,3.0
140.0,2.4,6.94,2.83,2.89,16.656,0.0,2.5,3.0,2.0,3.0,0.0,2.875,3.0,2.3,3.0,0.0,3.0,3.0,2.6,3.0
141.0,2.41,6.994,2.845,2.9035,16.85554,0.0,2.5,3.0,2.0,3.0,0.0,2.875,3.0,2.3,3.0,0.0,3.0,3.0,2.6,3.0
142.0,2.42,7.048,2.86,2.917,17.05616,0.0,2.5,3.0,2.0,3.0,0.0,2.875,3.0,2.3,3.0,0.0,3.0,3.0,2.6,3.0
143.0,2.43,7.102,2.875,2.9305,17.25786,0.0,2.5,3.0,2.0,3.0,0.0,2.875,3.0,2.3,3.0,0.0,3.0,3.0,2.6,3.0
144.0,2.44,7.156,2.89,2.944,17.460639999999998,0.0,2.5,3.0,2.0,3.0,0.0,2.875,3.0,2.3,3.0,0.0,3.0,3.0,2.6,3.0
145.0,2.45,7.21,2.905,2.9575,17.6645,0.0,2.5,3.0,2.0,3.0,0.0,2.875,3.0,2.3,3.0,0.0,3.0,3.0,2.6,3.0
146.0,2.46,7.264,2.92,2.971,17.86944,0.0,2.5,3.0,2.0,3.0,0.0,2.875,3.0,2.3,3.0,0.0,3.0,3.0,2.6,3.0
147.0,2.47,7.318,2.935,2.9845,18.07546,0.0,2.5,3.0,2.0,3.0,0.0,2.875,3.0,2.3,3.0,0.0,3.0,3.0,2.6,3.0
148.0,2.48,7.372,2.95,2.998,18.28256,0.0,2.5,3.0,2.0,3.0,0.0,2.875,3.0,2.3,3.0,0.0,3.0,3.0,2.6,3.0
149.0,2.49,7.426,2.965,3.0115,18.490740000000002,0.0,2.5,3.0,2.0,3.0,0.0,2.875,3.0,2.3,3.0,0.0,3.0,3.0,2.6,3.0
150.0,2.5,7.48,2.98,3.025,18.700000000000003,0.0,2.5,3.0,2.0,3.0,0.0,2.875,3.0,2.3,3.0,0.0,3.0,3.0,2.6,3.0
151.0,2.51,7.534,2.995,3.0385,18.910339999999998,0.0,2.5,3.0,2.0,3.0,0.0,2.875,3.0,2.3,3.0,0.0,3.0,3.0,2.6,3.0
152.0,2.52,7.588,3.01,3.052,19.121760000000002,0.0,2.5,3.0,2.0,3.0,0.0,2.875,3.0,2.3,3.0,0.0,3.0,3.0,2.6,3.0
153.0,2.53,7.642,3.025,3.0655,19.33426,0.0,2.5,3.0,2.0,3.0,0.0,2.875,3.0,2.3,3.0,0.0,3.0,3.0,2.6,3.0
154.0,2.54,7.696,3.04,3.079,19.54784,0.0,2.5,3.0,2.0,3.0,0.0,2.875,3.0,2.3,3.0,0.0,3.0,3.0,2.6,3.0
155.0,2.55,7.75,3.055,3.0925,19.7625,0.0,2.5,3.0,2.0,3.0,0.0,2.875,3.0,2.3,3.0,0.0,3.0,3.0,2.6,3.0
156.0,2.56,7.804,3.07,3.106,19.97824,0.0,2.5,3.0,2.0,3.0,0.0,2.875,3.0,2.3,3.0,0.0,3.0,3.0,2.6,3.0
157.0,2.57,7.858,3.085,3.1195,20.195059999999998,0.0,2.5,3.0,2.0,3.0,0.0,2.875,3.0,2.3,3.0,0.0,3.0,3.0,2.6,3.0
158.0,2.58,7.912,3.1,3.133,20.41296,0.0,2.5,3.0,2.0,3.0,0.0,2.875,3.0,2.3,3.0,0.0,3.0,3.0,2.6,3.0
159.0,2.59,7.966,3.115,3.1465,20.63194,0.0,2.5,3.0,2.0,3.0,0.0,2.875,3.0,2.3,3.0,0.0,3.0,3.0,2.6,3.0
160.0,2.6,8.02,3.13,3.16,20.852,0.0,2.5,3.0,2.0,3.0,0.0,2.875,3.0,2.3,3.0,0.0,3.0,3.0,2.6,3.0
161.0,2.61,8.074,3.145,3.1735,21.07314,0.0,2.5,3.0,2.0,3.0,0.0,2.875,3.0,2.3,3.0,0.0,3.0,3.0,2.6,3.0
162.0,2.62,8.128,3.16,3.187,21.295360000000002,0.0,2.5,3.0,2.0,3.0,0.0,2.875,3.0,2.3,3.0,0.0,3.0,3.0,2.6,3.0
163.0,2.63,8.182,3.175,3.2005,21.51866,0.0,2.5,3.0,2.0,3.0,0.0,2.875,3.0,2.3,3.0,0.0,3.0,3.0,2.6,3.0
164.0,2.64,8.236,3.19,3.214,21.743040000000004,0.0,2.5,3.0,2.0,3.0,0.0,2.875,3.0,2.3,3.0,0.0,3.0,3.0,2.6,3.0
165.0,2.65,8.29,3.205,3.2275,21.968499999999995,0.0,2.5,3.0,2.0,3.0,0.0,2.875,3.0,2.3,3.0,0.0,3.0,3.0,2.6,3.0
166.0,2.66,8.344,3.22,3.241,22.19504,0.0,2.5,3.0,2.0,3.0,0.0,2.875,3.0,2.3,3.0,0.0,3.0,3.0,2.6,3.0
167.0,2.67,8.398,3.235,3.2545,22.422659999999997,0.0,2.5,3.0,2.0,3.0,0.0,2.875,3.0,2.3,3.0,0.0,3.0,3.0,2.6,3.0
168.0,2.68,8.452,3.25,3.268,22.65136,0.0,2.5,3.0,2.0,3.0,0.0,2.875,3.0,2.3,3.0,0.0,3.0,3.0,2.6,3.0
169.0,2.69,8.506,3.265,3.2815,22.88114,0.0,2.5,3.0,2.0,3.0,0.0,2.875,3.0,2.3,3.0,0.0,3.0,3.0,2.6,3.0
170.0,2.7,8.56,3.28,3.295,23.112000000000002,0.0,2.5,3.0,2.0,3.0,0.0,2.875,3.0,2.3,3.0,0.0,3.0,3.0,2.6,3.0
171.0,2.71,8.614,3.295,3.3085,23.343940000000003,0.0,2.5,3.0,2.0,3.0,0.0,2.875,3.0,2.3,3.0,0.0,3.0,3.0,2.6,3.0
172.0,2.72,8.668,3.31,3.322,23.57696,0.0,2.5,3.0,2.0,3.0,0.0,2.875,3.0,2.3,3.0,0.0,3.0,3.0,2.6,3.0
173.0,2.73,8.722,3.325,3.3355,23.811059999999998,0.0,2.5,3.0,2.0,3.0,0.0,2.875,3.0,2.3,3.0,0.0,3.0,3.0,2.6,3.0
174.0,2.74,8.776,3.34,3.349,24.04624,0.0,2.5,3.0,2.0,3.0,0.0,2.875,3.0,2.3,3.0,0.0,3.0,3.0,2.6,3.0
175.0,2.75,8.83,3.355,3.3625,24.2825,0.0,2.5,3.0,2.0,3.0,0.0,2.875,3.0,2.3,3.0,0.0,3.0,3.0,2.6,3.0
176.0,2.76,8.884,3.37,3.376,24.51984,0.0,2.5,3.0,2.0,3.0,0.0,2.875,3.0,2.3,3.0,0.0,3.0,3.0,2.6,3.0
177.0,2.77,8.938,3.385,3.3895,24.758260000000003,0.0,2.5,3.0,2.0,3.0,0.0,2.875,3.0,2.3,3.0,0.0,3.0,3.0,2.6,3.0
178.0,2.78,8.992,3.4,3.403,24.99776,0.0,2.5,3.0,2.0,3.0,0.0,2.875,3.0,2.3,3.0,0.0,3.0,3.0,2.6,3.0
179.0,2.79,9.046,3.415,3.4165,25.238339999999997,0.0,2.5,3.0,2.0,3.0,0.0,2.875,3.0,2.3,3.0,0.0,3.0,3.0,2.6,3.0
180.0,2.8,9.1,3.43,3.43,25.479999999999997,0.0,2.5,3.0,2.0,3.0,0.0,2.875,3.0,2.3,3.0,0.0,3.0,3.0,2.6,3.0
181.0,2.81,9.154,3.445,3.4435,25.72274,0.0,2.5,3.0,2.0,3.0,0.0,2.875,3.0,2.3,3.0,0.0,3.0,3.0,2.6,3.0
182.0,2.82,9.208,3.46,3.457,25.966559999999998,0.0,2.5,3.0,2.0,3.0,0.0,2.875,3.0,2.3,3.0,0.0,3.0,3.0,2.6,3.0
183.0,2.83,9.262,3.475,3.4705,26.211460000000002,0.0,2.5,3.0,2.0,3.0,0.0,2.875,3.0,2.3,3.0,0.0,3.0,3.0,2.6,3.0
184.0,2.84,9.316,3.49,3.484,26.457440000000002,0.0,2.5,3.0,2.0,3.0,0.0,2.875,3.0,2.3,3.0,0.0,3.0,3.0,2.6,3.0
185.0,2.85,9.37,3.505,3.4975,26.7045,0.0,2.5,3.0,2.0,3.0,0.0,2.875,3.0,2.3,3.0,0.0,3.0,3.0,2.6,3.0
186.0,2.86,9.424,3.52,3.511,26.95264,0.0,2.5,3.0,2.0,3.0,0.0,2.875,3.0,2.3,3.0,0.0,3.0,3.0,2.6,3.0
187.0,2.87,9.478,3.535,3.5245,27.20186,0.0,2.5,3.0,2.0,3.0,0.0,2.875,3.0,2.3,3.0,0.0,3.0,3.0,2.6,3.0
188.0,2.88,9.532,3.55,3.538,27.45216,0.0,2.5,3.0,2.0,3.0,0.0,2.875,3.0,2.3,3.0,0.0,3.0,3.0,2.6,3.0
189.0,2.89,9.586,3.565,3.5515,27.703540000000004,0.0,2.5,3.0,2.0,3.0,0.0,2.875,3.0,2.3,3.0,0.0,3.0,3.0,2.6,3.0
190.0,2.9,9.64,3.58,3.565,27.956,0.0,2.5,3.0,2.0,3.0,0.0,2.875,3.0,2.3,3.0,0.0,3.0,3.0,2.6,3.0
191.0,2.91,9.694,3.595,3.5785,28.209540000000004,0.0,2.5,3.0,2.0,3.0,0.0,2.875,3.0,2.3,3.0,0.0,3.0,3.0,2.6,3.0
192.0,2.92,9.748,3.61,3.592,28.464159999999996,0.0,2.5,3.0,2.0,3.0,0.0,2.875,3.0,2.3,3.0,0.0,3.0,3.0,2.6,3.0
193.0,2.93,9.802,3.625,3.6055,28.71986,0.0,2.5,3.0,2.0,3.0,0.0,2.875,3.0,2.3,3.0,0.0,3.0,3.0,2.6,3.0
194.0,2.94,9.856,3.64,3.619,28.97664,0.0,2.5,3.0,2.0,3.0,0.0,2.875,3.0,2.3,3.0,0.0,3.0,3.0,2.6,3.0
195.0,2.95,9.91,3.655,3.6325,29.2345,0.0,2.5,3.0,2.0,3.0,0.0,2.875,3.0,2.3,3.0,0.0,3.0,3.0,2.6,3.0
196.0,2.96,9.964,3.67,3.646,29.49344,0.0,2.5,3.0,2.0,3.0,0.0,2.875,3.0,2.3,3.0,0.0,3.0,3.0,2.6,3.0
197.0,2.97,10.018,3.685,3.6595,29.753460000000004,0.0,2.5,3.0,2.0,3.0,0.0,2.875,3.0,2.3,3.0,0.0,3.0,3.0,2.6,3.0
198.0,2.98,10.072,3.7,3.673,30.014559999999996,0.0,2.5,3.0,2.0,3.0,0.0,2.875,3.0,2.3,3.0,0.0,3.0,3.0,2.6,3.0
199.0,2.99,10.126,3.715,3.6865,30.27674,0.0,2.5,3.0,2.0,3.0,0.0,2.875,3.0,2.3,3.0,0.0,3.0,3.0,2.6,3.0
200.0,3.0,10.18,3.73,3.7,30.54,0.0,2.5,3.0,2.0,3.0,0.0,2.875,3.0,2.3,3.0,0.0,3.0,3.0,2.6,3.0
