difficulty,duration,elite_armor,elite_contact,elite_dash,elite_expected,elite_hp,elite_speed,erosion,natural_elite_eligible,normal_armor,normal_damage,normal_hp,normal_speed,population_limit,spawn_rate_per_second,wave
1,30.0,0.0,6.0,7,0.0,160,102.0,0,False,0.0,4.0,24,51.0,24,0.51440329218107,1
1,35.0,1.0,6.0,7,0.0,198,103.0,0,False,1.0,4.0,35,51.0,24,0.534238404328141,2
1,40.0,2.0,6.0,7,0.0,246,103.0,0,False,1.0,4.0,45,52.0,24,0.88698955365622,3
1,45.0,3.0,6.0,7,0.2,305,104.0,0,True,2.0,4.0,56,52.0,24,0.920244543432949,4
1,50.0,4.0,7.0,8,0.25,378,104.0,0,True,2.0,4.0,66,52.0,24,0.95440125367886,5
1,55.0,5.0,7.0,8,0.3,469,105.0,0,True,3.0,4.0,77,52.0,24,0.989496959646213,6
1,60.0,6.0,7.0,8,0.35,582,105.0,0,True,3.0,4.0,87,53.0,24,1.28370795037462,7
1,60.0,7.0,7.0,8,0.4,721,106.0,0,True,4.0,4.0,98,53.0,24,1.3304713213389,8
1,60.0,8.0,7.0,8,0.45,894,106.0,0,True,4.0,5.0,108,53.0,24,1.37860082304527,9
1,60.0,9.0,7.0,8,0.5,1109,107.0,0,True,5.0,5.0,119,53.0,24,1.85417028922506,10
1,60.0,10.0,7.0,8,0.55,1375,107.0,0,True,5.0,5.0,129,54.0,24,1.92012288786482,11
1,60.0,11.0,7.0,8,0.6,1705,108.0,0,True,6.0,5.0,140,54.0,24,1.98806789683482,12
1,60.0,12.0,7.0,8,0.65,2114,108.0,0,True,6.0,5.0,150,54.0,24,2.05809731299927,13
1,60.0,13.0,7.0,8,0.7,2622,109.0,0,True,7.0,5.0,161,54.0,24,2.1303089074402,14
1,60.0,14.0,8.0,10,0.75,3251,109.0,0,True,7.0,5.0,171,55.0,24,2.20480668756531,15
1,60.0,15.0,8.0,10,0.8,4031,110.0,0,True,8.0,5.0,182,55.0,24,2.28170140450842,16
1,60.0,16.0,8.0,10,0.85,4999,110.0,0,True,8.0,5.0,192,55.0,24,2.73148148148148,17
1,60.0,17.0,8.0,10,0.9,6199,111.0,0,True,9.0,5.0,203,55.0,24,3.38549516327294,18
1,60.0,18.0,8.0,10,0.95,7686,111.0,0,True,9.0,5.0,213,56.0,24,3.50325235629895,19
1,60.0,19.0,8.0,10,1.0,9531,112.0,0,True,10.0,5.0,224,56.0,24,3.62507780489016,20
1,30.0,0.0,9.0,11,0.0,304,102.0,50,False,0.0,6.0,46,51.0,24,0.51440329218107,1
1,35.0,2.0,9.0,11,0.0,377,103.0,50,False,1.0,6.0,66,51.0,24,0.534238404328141,2
1,40.0,3.0,9.0,11,0.0,467,103.0,50,False,2.0,6.0,86,52.0,24,0.88698955365622,3
1,45.0,5.0,9.0,11,0.3,580,104.0,50,True,3.0,6.0,106,52.0,24,0.920244543432949,4
1,50.0,7.0,10.0,12,0.375,719,104.0,50,True,3.0,6.0,126,52.0,24,0.95440125367886,5
1,55.0,8.0,10.0,12,0.45,891,105.0,50,True,4.0,6.0,146,52.0,24,0.989496959646213,6
1,60.0,10.0,10.0,12,0.525,1105,105.0,50,True,5.0,6.0,166,53.0,24,1.28370795037462,7
1,60.0,12.0,10.0,12,0.6,1370,106.0,50,True,6.0,6.0,186,53.0,24,1.3304713213389,8
1,60.0,13.0,10.0,12,0.675,1699,106.0,50,True,7.0,7.0,206,53.0,24,1.37860082304527,9
1,60.0,15.0,10.0,12,0.75,2107,107.0,50,True,8.0,7.0,226,53.0,24,1.85417028922506,10
1,60.0,17.0,10.0,12,0.825,2613,107.0,50,True,8.0,7.0,246,54.0,24,1.92012288786482,11
1,60.0,18.0,10.0,12,0.9,3240,108.0,50,True,9.0,7.0,266,54.0,24,1.98806789683482,12
1,60.0,20.0,11.0,13,0.975,4017,108.0,50,True,10.0,7.0,286,54.0,24,2.05809731299927,13
1,60.0,22.0,11.0,13,1.05,4981,109.0,50,True,11.0,7.0,306,54.0,24,2.1303089074402,14
1,60.0,23.0,11.0,13,1.125,6177,109.0,50,True,12.0,7.0,326,55.0,24,2.20480668756531,15
1,60.0,25.0,11.0,13,1.2,7659,110.0,50,True,13.0,7.0,346,55.0,24,2.28170140450842,16
1,60.0,27.0,11.0,13,1.275,9498,110.0,50,True,13.0,7.0,366,55.0,24,2.73148148148148,17
1,60.0,28.0,11.0,13,1.35,11777,111.0,50,True,14.0,7.0,386,55.0,24,3.38549516327294,18
1,60.0,30.0,11.0,13,1.425,14604,111.0,50,True,15.0,7.0,406,56.0,24,3.50325235629895,19
1,60.0,32.0,12.0,14,1.5,18109,112.0,50,True,16.0,8.0,426,56.0,24,3.62507780489016,20
1,30.0,0.0,12.0,14,0.0,448,102.0,100,False,0.0,8.0,67,51.0,24,0.51440329218107,1
1,35.0,2.0,12.0,14,0.0,556,103.0,100,False,1.0,8.0,97,51.0,24,0.534238404328141,2
1,40.0,5.0,12.0,14,0.0,689,103.0,100,False,2.0,8.0,126,52.0,24,0.88698955365622,3
1,45.0,7.0,12.0,14,0.4,854,104.0,100,True,4.0,8.0,156,52.0,24,0.920244543432949,4
1,50.0,9.0,13.0,16,0.5,1059,104.0,100,True,5.0,8.0,185,52.0,24,0.95440125367886,5
1,55.0,12.0,13.0,16,0.6,1313,105.0,100,True,6.0,8.0,215,52.0,24,0.989496959646213,6
1,60.0,14.0,13.0,16,0.7,1629,105.0,100,True,7.0,8.0,244,53.0,24,1.28370795037462,7
1,60.0,16.0,13.0,16,0.8,2019,106.0,100,True,8.0,9.0,274,53.0,24,1.3304713213389,8
1,60.0,19.0,13.0,16,0.9,2504,106.0,100,True,9.0,9.0,303,53.0,24,1.37860082304527,9
1,60.0,21.0,13.0,16,1.0,3105,107.0,100,True,11.0,9.0,332,53.0,24,1.85417028922506,10
1,60.0,24.0,14.0,17,1.1,3850,107.0,100,True,12.0,9.0,362,54.0,24,1.92012288786482,11
1,60.0,26.0,14.0,17,1.2,4774,108.0,100,True,13.0,9.0,391,54.0,24,1.98806789683482,12
1,60.0,28.0,14.0,17,1.3,5920,108.0,100,True,14.0,9.0,421,54.0,24,2.05809731299927,13
1,60.0,31.0,14.0,17,1.4,7341,109.0,100,True,15.0,9.0,450,54.0,24,2.1303089074402,14
1,60.0,33.0,14.0,17,1.5,9103,109.0,100,True,16.0,9.0,480,55.0,24,2.20480668756531,15
1,60.0,35.0,14.0,17,1.5,11288,110.0,100,True,18.0,9.0,509,55.0,24,2.28170140450842,16
1,60.0,38.0,15.0,18,1.5,13997,110.0,100,True,19.0,10.0,539,55.0,24,2.73148148148148,17
1,60.0,40.0,15.0,18,1.5,17356,111.0,100,True,20.0,10.0,568,55.0,24,3.38549516327294,18
1,60.0,42.0,15.0,18,1.5,21521,111.0,100,True,21.0,10.0,598,56.0,24,3.50325235629895,19
1,60.0,45.0,15.0,18,1.5,26686,112.0,100,True,22.0,10.0,627,56.0,24,3.62507780489016,20
1,30.0,0.0,17.0,20,0.0,736,102.0,200,False,0.0,11.0,110,51.0,24,0.51440329218107,1
1,35.0,4.0,18.0,22,0.0,913,103.0,200,False,2.0,12.0,159,51.0,24,0.534238404328141,2
1,40.0,7.0,18.0,22,0.0,1132,103.0,200,False,4.0,12.0,207,52.0,24,0.88698955365622,3
1,45.0,11.0,18.0,22,0.4,1403,104.0,200,True,6.0,12.0,256,52.0,24,0.920244543432949,4
1,50.0,15.0,18.0,22,0.5,1740,104.0,200,True,7.0,12.0,304,52.0,24,0.95440125367886,5
1,55.0,19.0,19.0,23,0.6,2158,105.0,200,True,9.0,12.0,353,52.0,24,0.989496959646213,6
1,60.0,22.0,19.0,23,0.7,2676,105.0,200,True,11.0,12.0,401,53.0,24,1.28370795037462,7
1,60.0,26.0,19.0,23,0.8,3318,106.0,200,True,13.0,13.0,449,53.0,24,1.3304713213389,8
1,60.0,30.0,19.0,23,0.9,4114,106.0,200,True,15.0,13.0,498,53.0,24,1.37860082304527,9
1,60.0,33.0,20.0,24,1.0,5101,107.0,200,True,17.0,13.0,546,53.0,24,1.85417028922506,10
1,60.0,37.0,20.0,24,1.1,6325,107.0,200,True,19.0,13.0,595,54.0,24,1.92012288786482,11
1,60.0,41.0,20.0,24,1.2,7844,108.0,200,True,20.0,13.0,643,54.0,24,1.98806789683482,12
1,60.0,44.0,21.0,25,1.3,9726,108.0,200,True,22.0,13.0,691,54.0,24,2.05809731299927,13
1,60.0,48.0,21.0,25,1.4,12060,109.0,200,True,24.0,14.0,740,54.0,24,2.1303089074402,14
1,60.0,52.0,21.0,25,1.5,14955,109.0,200,True,26.0,14.0,788,55.0,24,2.20480668756531,15
1,60.0,56.0,21.0,25,1.5,18544,110.0,200,True,28.0,14.0,837,55.0,24,2.28170140450842,16
1,60.0,59.0,22.0,26,1.5,22995,110.0,200,True,30.0,14.0,885,55.0,24,2.73148148148148,17
1,60.0,63.0,22.0,26,1.5,28513,111.0,200,True,31.0,14.0,934,55.0,24,3.38549516327294,18
1,60.0,67.0,22.0,26,1.5,35356,111.0,200,True,33.0,14.0,982,56.0,24,3.50325235629895,19
1,60.0,70.0,22.0,26,1.5,43842,112.0,200,True,35.0,15.0,1030,56.0,24,3.62507780489016,20
2,30.0,0.0,7.0,8,0.0,192,122.0,0,False,0.0,5.0,29,61.0,36,0.925925925925926,1
2,35.0,1.0,8.0,10,0.0,238,123.0,0,False,1.0,5.0,41,62.0,36,0.96142608109982,2
2,40.0,2.0,8.0,10,0.0,295,124.0,0,False,1.0,5.0,54,62.0,36,0.997863247863248,3
2,45.0,4.0,8.0,10,0.2,366,124.0,0,True,2.0,5.0,67,62.0,36,1.29493694711086,4
2,50.0,5.0,8.0,10,0.25,454,125.0,0,True,2.0,5.0,79,62.0,36,1.34330925352597,5
2,55.0,6.0,8.0,10,0.3,563,125.0,0,True,3.0,5.0,92,63.0,36,1.80970149253731,6
2,60.0,7.0,8.0,10,0.35,698,126.0,0,True,4.0,5.0,105,63.0,36,1.87585312585313,7
2,60.0,8.0,8.0,10,0.4,865,127.0,0,True,4.0,5.0,117,63.0,36,1.94388830347734,8
2,60.0,10.0,8.0,10,0.45,1073,127.0,0,True,5.0,5.0,130,64.0,36,2.01388888888889,9
2,60.0,11.0,8.0,10,0.5,1331,128.0,0,True,5.0,6.0,142,64.0,36,2.88928012519562,10
2,60.0,12.0,9.0,11,0.55,1650,129.0,0,True,6.0,6.0,155,64.0,36,2.99219150025602,11
2,60.0,13.0,9.0,11,0.6,2046,129.0,0,True,7.0,6.0,168,65.0,36,3.09822206383147,12
2,60.0,14.0,9.0,11,0.65,2537,130.0,0,True,7.0,6.0,180,65.0,36,3.20751633986928,13
2,60.0,16.0,9.0,11,0.7,3146,130.0,0,True,8.0,6.0,193,65.0,36,3.32022795626388,14
2,60.0,17.0,9.0,11,0.75,3901,131.0,0,True,8.0,6.0,206,65.0,36,4.00470219435737,15
2,60.0,18.0,9.0,11,0.8,4838,132.0,0,True,9.0,6.0,218,66.0,36,4.14417453891138,16
2,60.0,19.0,9.0,11,0.85,5999,132.0,0,True,10.0,6.0,231,66.0,36,4.70486111111111,17
2,60.0,20.0,9.0,11,0.9,7438,133.0,0,True,10.0,6.0,244,66.0,36,4.86880711880712,18
2,60.0,22.0,9.0,11,0.95,9223,133.0,0,True,11.0,6.0,256,67.0,36,5.03833134209478,19
2,60.0,23.0,10.0,12,1.0,11437,134.0,0,True,11.0,6.0,269,67.0,36,5.21372478262364,20
2,30.0,0.0,11.0,13,0.0,365,122.0,50,False,0.0,7.0,55,61.0,36,0.925925925925926,1
2,35.0,2.0,11.0,13,0.0,452,123.0,50,False,1.0,7.0,79,62.0,36,0.96142608109982,2
2,40.0,4.0,11.0,13,0.0,561,124.0,50,False,2.0,7.0,103,62.0,36,0.997863247863248,3
2,45.0,6.0,11.0,13,0.3,696,124.0,50,True,3.0,7.0,127,62.0,36,1.29493694711086,4
2,50.0,8.0,11.0,13,0.375,862,125.0,50,True,4.0,7.0,151,62.0,36,1.34330925352597,5
2,55.0,10.0,12.0,14,0.45,1069,125.0,50,True,5.0,8.0,175,63.0,36,1.80970149253731,6
2,60.0,12.0,12.0,14,0.525,1326,126.0,50,True,6.0,8.0,199,63.0,36,1.87585312585313,7
2,60.0,14.0,12.0,14,0.6,1644,127.0,50,True,7.0,8.0,223,63.0,36,1.94388830347734,8
2,60.0,16.0,12.0,14,0.675,2039,127.0,50,True,8.0,8.0,247,64.0,36,2.01388888888889,9
2,60.0,18.0,12.0,14,0.75,2528,128.0,50,True,9.0,8.0,271,64.0,36,2.88928012519562,10
2,60.0,20.0,12.0,14,0.825,3135,129.0,50,True,10.0,8.0,295,64.0,36,2.99219150025602,11
2,60.0,22.0,13.0,16,0.9,3888,129.0,50,True,11.0,8.0,319,65.0,36,3.09822206383147,12
2,60.0,24.0,13.0,16,0.975,4821,130.0,50,True,12.0,8.0,343,65.0,36,3.20751633986928,13
2,60.0,26.0,13.0,16,1.05,5978,130.0,50,True,13.0,8.0,367,65.0,36,3.32022795626388,14
2,60.0,28.0,13.0,16,1.125,7412,131.0,50,True,14.0,9.0,391,65.0,36,4.00470219435737,15
2,60.0,30.0,13.0,16,1.2,9191,132.0,50,True,15.0,9.0,415,66.0,36,4.14417453891138,16
2,60.0,32.0,13.0,16,1.275,11397,132.0,50,True,16.0,9.0,439,66.0,36,4.70486111111111,17
2,60.0,34.0,14.0,17,1.35,14133,133.0,50,True,17.0,9.0,463,66.0,36,4.86880711880712,18
2,60.0,36.0,14.0,17,1.425,17524,133.0,50,True,18.0,9.0,487,67.0,36,5.03833134209478,19
2,60.0,38.0,14.0,17,1.5,21730,134.0,50,True,19.0,9.0,511,67.0,36,5.21372478262364,20
2,30.0,0.0,14.0,17,0.0,538,122.0,100,False,0.0,9.0,81,61.0,36,0.925925925925926,1
2,35.0,3.0,14.0,17,0.0,667,123.0,100,False,1.0,9.0,116,62.0,36,0.96142608109982,2
2,40.0,6.0,15.0,18,0.0,827,124.0,100,False,3.0,10.0,151,62.0,36,0.997863247863248,3
2,45.0,8.0,15.0,18,0.4,1025,124.0,100,True,4.0,10.0,187,62.0,36,1.29493694711086,4
2,50.0,11.0,15.0,18,0.5,1271,125.0,100,True,6.0,10.0,222,62.0,36,1.34330925352597,5
2,55.0,14.0,15.0,18,0.6,1576,125.0,100,True,7.0,10.0,257,63.0,36,1.80970149253731,6
2,60.0,17.0,15.0,18,0.7,1954,126.0,100,True,8.0,10.0,293,63.0,36,1.87585312585313,7
2,60.0,20.0,16.0,19,0.8,2423,127.0,100,True,10.0,10.0,328,63.0,36,1.94388830347734,8
2,60.0,23.0,16.0,19,0.9,3005,127.0,100,True,11.0,10.0,364,64.0,36,2.01388888888889,9
2,60.0,25.0,16.0,19,1.0,3726,128.0,100,True,13.0,10.0,399,64.0,36,2.88928012519562,10
2,60.0,28.0,16.0,19,1.1,4620,129.0,100,True,14.0,11.0,434,64.0,36,2.99219150025602,11
2,60.0,31.0,16.0,19,1.2,5729,129.0,100,True,16.0,11.0,470,65.0,36,3.09822206383147,12
2,60.0,34.0,17.0,20,1.3,7104,130.0,100,True,17.0,11.0,505,65.0,36,3.20751633986928,13
2,60.0,37.0,17.0,20,1.4,8809,130.0,100,True,18.0,11.0,540,65.0,36,3.32022795626388,14
2,60.0,39.0,17.0,20,1.5,10924,131.0,100,True,20.0,11.0,576,65.0,36,4.00470219435737,15
2,60.0,42.0,17.0,20,1.5,13545,132.0,100,True,21.0,11.0,611,66.0,36,4.14417453891138,16
2,60.0,45.0,18.0,22,1.5,16796,132.0,100,True,23.0,11.0,647,66.0,36,4.70486111111111,17
2,60.0,48.0,18.0,22,1.5,20827,133.0,100,True,24.0,12.0,682,66.0,36,4.86880711880712,18
2,60.0,51.0,18.0,22,1.5,25826,133.0,100,True,25.0,12.0,717,67.0,36,5.03833134209478,19
2,60.0,54.0,18.0,22,1.5,32024,134.0,100,True,27.0,12.0,753,67.0,36,5.21372478262364,20
2,30.0,0.0,21.0,25,0.0,883,122.0,200,False,0.0,14.0,132,61.0,36,0.925925925925926,1
2,35.0,4.0,21.0,25,0.0,1095,123.0,200,False,2.0,14.0,191,62.0,36,0.96142608109982,2
2,40.0,9.0,21.0,25,0.0,1358,124.0,200,False,4.0,14.0,249,62.0,36,0.997863247863248,3
2,45.0,13.0,22.0,26,0.4,1684,124.0,200,True,7.0,14.0,307,62.0,36,1.29493694711086,4
2,50.0,18.0,22.0,26,0.5,2088,125.0,200,True,9.0,14.0,365,62.0,36,1.34330925352597,5
2,55.0,22.0,22.0,26,0.6,2589,125.0,200,True,11.0,15.0,423,63.0,36,1.80970149253731,6
2,60.0,27.0,23.0,28,0.7,3211,126.0,200,True,13.0,15.0,481,63.0,36,1.87585312585313,7
2,60.0,31.0,23.0,28,0.8,3981,127.0,200,True,16.0,15.0,539,63.0,36,1.94388830347734,8
2,60.0,36.0,23.0,28,0.9,4937,127.0,200,True,18.0,15.0,597,64.0,36,2.01388888888889,9
2,60.0,40.0,24.0,29,1.0,6121,128.0,200,True,20.0,15.0,655,64.0,36,2.88928012519562,10
2,60.0,44.0,24.0,29,1.1,7591,129.0,200,True,22.0,16.0,714,64.0,36,2.99219150025602,11
2,60.0,49.0,24.0,29,1.2,9412,129.0,200,True,24.0,16.0,772,65.0,36,3.09822206383147,12
2,60.0,53.0,25.0,30,1.3,11671,130.0,200,True,27.0,16.0,830,65.0,36,3.20751633986928,13
2,60.0,58.0,25.0,30,1.4,14472,130.0,200,True,29.0,16.0,888,65.0,36,3.32022795626388,14
2,60.0,62.0,25.0,30,1.5,17946,131.0,200,True,31.0,16.0,946,65.0,36,4.00470219435737,15
2,60.0,67.0,26.0,31,1.5,22253,132.0,200,True,33.0,17.0,1004,66.0,36,4.14417453891138,16
2,60.0,71.0,26.0,31,1.5,27593,132.0,200,True,36.0,17.0,1062,66.0,36,4.70486111111111,17
2,60.0,75.0,26.0,31,1.5,34216,133.0,200,True,38.0,17.0,1120,66.0,36,4.86880711880712,18
2,60.0,80.0,26.0,31,1.5,42428,133.0,200,True,40.0,17.0,1178,67.0,36,5.03833134209478,19
2,60.0,84.0,27.0,32,1.5,52610,134.0,200,True,42.0,17.0,1236,67.0,36,5.21372478262364,20
3,30.0,0.0,8.0,10,0.0,208,133.0,0,False,0.0,5.0,31,66.0,48,1.32275132275132,1
3,35.0,1.0,8.0,10,0.2,258,133.0,0,True,1.0,5.0,45,67.0,48,1.37375589684379,2
3,40.0,3.0,8.0,10,0.3,320,134.0,0,True,1.0,5.0,59,67.0,48,1.85347985347985,3
3,45.0,4.0,8.0,10,0.4,397,135.0,0,True,2.0,6.0,72,67.0,48,1.92313552562,4
3,50.0,5.0,9.0,11,0.5,492,135.0,0,True,3.0,6.0,86,68.0,48,1.99469261388766,5
3,55.0,7.0,9.0,11,0.6,610,136.0,0,True,3.0,6.0,100,68.0,48,2.0682302771855,6
3,60.0,8.0,9.0,11,0.7,756,137.0,0,True,4.0,6.0,113,68.0,48,2.96907296907297,7
3,60.0,9.0,9.0,11,0.8,938,137.0,0,True,5.0,6.0,127,69.0,48,3.07688962483483,8
3,60.0,10.0,9.0,11,0.9,1163,138.0,0,True,5.0,6.0,141,69.0,48,3.18783068783069,9
3,60.0,12.0,9.0,11,1.0,1442,139.0,0,True,6.0,6.0,154,69.0,48,3.84976525821596,10
3,60.0,13.0,9.0,11,1.1,1788,139.0,0,True,7.0,6.0,168,70.0,48,3.9865408529003,11
3,60.0,14.0,9.0,11,1.2,2217,140.0,0,True,7.0,6.0,182,70.0,48,4.12743667198407,12
3,60.0,16.0,10.0,12,1.3,2749,141.0,0,True,8.0,6.0,195,70.0,48,5.2922502334267,13
3,60.0,17.0,10.0,12,1.4,3408,141.0,0,True,8.0,6.0,209,71.0,48,5.47793719056051,14
3,60.0,18.0,10.0,12,1.5,4226,142.0,0,True,9.0,6.0,223,71.0,48,5.66950291088222,15
3,60.0,20.0,10.0,12,1.6,5241,143.0,0,True,10.0,6.0,236,71.0,48,5.86723218302166,16
3,60.0,21.0,10.0,12,1.7,6498,143.0,0,True,10.0,7.0,250,72.0,48,6.54761904761905,17
3,60.0,22.0,10.0,12,1.8,8058,144.0,0,True,11.0,7.0,264,72.0,48,7.4939874939875,18
3,60.0,23.0,10.0,12,1.9,9992,145.0,0,True,12.0,7.0,278,72.0,48,7.75445184047335,19
3,60.0,25.0,10.0,12,2.0,12390,145.0,0,True,12.0,7.0,291,73.0,48,8.55399918499207,20
3,30.0,0.0,12.0,14,0.0,395,133.0,50,False,0.0,8.0,59,66.0,48,1.32275132275132,1
3,35.0,2.0,12.0,14,0.3,490,133.0,50,True,1.0,8.0,85,67.0,48,1.37375589684379,2
3,40.0,4.0,12.0,14,0.45,608,134.0,50,True,2.0,8.0,111,67.0,48,1.85347985347985,3
3,45.0,7.0,12.0,14,0.6,753,135.0,50,True,3.0,8.0,137,67.0,48,1.92313552562,4
3,50.0,9.0,12.0,14,0.75,934,135.0,50,True,4.0,8.0,163,68.0,48,1.99469261388766,5
3,55.0,11.0,13.0,16,0.9,1159,136.0,50,True,5.0,8.0,189,68.0,48,2.0682302771855,6
3,60.0,13.0,13.0,16,1.05,1437,137.0,50,True,7.0,8.0,215,68.0,48,2.96907296907297,7
3,60.0,15.0,13.0,16,1.2,1781,137.0,50,True,8.0,8.0,241,69.0,48,3.07688962483483,8
3,60.0,17.0,13.0,16,1.35,2209,138.0,50,True,9.0,9.0,267,69.0,48,3.18783068783069,9
3,60.0,20.0,13.0,16,1.5,2739,139.0,50,True,10.0,9.0,293,69.0,48,3.84976525821596,10
3,60.0,22.0,13.0,16,1.65,3397,139.0,50,True,11.0,9.0,319,70.0,48,3.9865408529003,11
3,60.0,24.0,14.0,17,1.8,4212,140.0,50,True,12.0,9.0,345,70.0,48,4.12743667198407,12
3,60.0,26.0,14.0,17,1.95,5222,141.0,50,True,13.0,9.0,371,70.0,48,5.2922502334267,13
3,60.0,28.0,14.0,17,2.1,6476,141.0,50,True,14.0,9.0,397,71.0,48,5.47793719056051,14
3,60.0,30.0,14.0,17,2.25,8030,142.0,50,True,15.0,9.0,423,71.0,48,5.66950291088222,15
3,60.0,33.0,14.0,17,2.4,9957,143.0,50,True,16.0,9.0,449,71.0,48,5.86723218302166,16
3,60.0,35.0,15.0,18,2.55,12347,143.0,50,True,17.0,9.0,475,72.0,48,6.54761904761905,17
3,60.0,37.0,15.0,18,2.7,15310,144.0,50,True,19.0,10.0,501,72.0,48,7.4939874939875,18
3,60.0,39.0,15.0,18,2.85,18985,145.0,50,True,20.0,10.0,527,72.0,48,7.75445184047335,19
3,60.0,41.0,15.0,18,3.0,23541,145.0,50,True,21.0,10.0,553,73.0,48,8.55399918499207,20
3,30.0,0.0,15.0,18,0.0,582,133.0,100,False,0.0,10.0,87,66.0,48,1.32275132275132,1
3,35.0,3.0,16.0,19,0.4,722,133.0,100,True,2.0,10.0,126,67.0,48,1.37375589684379,2
3,40.0,6.0,16.0,19,0.6,895,134.0,100,True,3.0,10.0,164,67.0,48,1.85347985347985,3
3,45.0,9.0,16.0,19,0.8,1110,135.0,100,True,5.0,10.0,202,67.0,48,1.92313552562,4
3,50.0,12.0,16.0,19,1.0,1377,135.0,100,True,6.0,11.0,241,68.0,48,1.99469261388766,5
3,55.0,15.0,16.0,19,1.2,1707,136.0,100,True,8.0,11.0,279,68.0,48,2.0682302771855,6
3,60.0,18.0,17.0,20,1.4,2117,137.0,100,True,9.0,11.0,317,68.0,48,2.96907296907297,7
3,60.0,21.0,17.0,20,1.6,2625,137.0,100,True,11.0,11.0,356,69.0,48,3.07688962483483,8
3,60.0,24.0,17.0,20,1.8,3255,138.0,100,True,12.0,11.0,394,69.0,48,3.18783068783069,9
3,60.0,27.0,17.0,20,2.0,4037,139.0,100,True,14.0,11.0,432,69.0,48,3.84976525821596,10
3,60.0,31.0,18.0,22,2.2,5005,139.0,100,True,15.0,12.0,471,70.0,48,3.9865408529003,11
3,60.0,34.0,18.0,22,2.4,6207,140.0,100,True,17.0,12.0,509,70.0,48,4.12743667198407,12
3,60.0,37.0,18.0,22,2.6,7696,141.0,100,True,18.0,12.0,547,70.0,48,5.2922502334267,13
3,60.0,40.0,18.0,22,2.8,9543,141.0,100,True,20.0,12.0,585,71.0,48,5.47793719056051,14
3,60.0,43.0,19.0,23,3.0,11834,142.0,100,True,21.0,12.0,624,71.0,48,5.66950291088222,15
3,60.0,46.0,19.0,23,3.0,14674,143.0,100,True,23.0,12.0,662,71.0,48,5.86723218302166,16
3,60.0,49.0,19.0,23,3.0,18196,143.0,100,True,24.0,12.0,700,72.0,48,6.54761904761905,17
3,60.0,52.0,19.0,23,3.0,22563,144.0,100,True,26.0,13.0,739,72.0,48,7.4939874939875,18
3,60.0,55.0,19.0,23,3.0,27978,145.0,100,True,27.0,13.0,777,72.0,48,7.75445184047335,19
3,60.0,58.0,20.0,24,3.0,34692,145.0,100,True,29.0,13.0,815,73.0,48,8.55399918499207,20
3,30.0,0.0,23.0,28,0.0,957,133.0,200,False,0.0,15.0,144,66.0,48,1.32275132275132,1
3,35.0,5.0,23.0,28,0.4,1186,133.0,200,True,2.0,15.0,206,67.0,48,1.37375589684379,2
3,40.0,10.0,23.0,28,0.6,1471,134.0,200,True,5.0,15.0,269,67.0,48,1.85347985347985,3
3,45.0,14.0,24.0,29,0.8,1824,135.0,200,True,7.0,15.0,332,67.0,48,1.92313552562,4
3,50.0,19.0,24.0,29,1.0,2262,135.0,200,True,10.0,16.0,395,68.0,48,1.99469261388766,5
3,55.0,24.0,24.0,29,1.2,2805,136.0,200,True,12.0,16.0,458,68.0,48,2.0682302771855,6
3,60.0,29.0,25.0,30,1.4,3478,137.0,200,True,14.0,16.0,521,68.0,48,2.96907296907297,7
3,60.0,34.0,25.0,30,1.6,4313,137.0,200,True,17.0,16.0,584,69.0,48,3.07688962483483,8
3,60.0,38.0,25.0,30,1.8,5348,138.0,200,True,19.0,17.0,647,69.0,48,3.18783068783069,9
3,60.0,43.0,26.0,31,2.0,6632,139.0,200,True,22.0,17.0,710,69.0,48,3.84976525821596,10
3,60.0,48.0,26.0,31,2.2,8223,139.0,200,True,24.0,17.0,773,70.0,48,3.9865408529003,11
3,60.0,53.0,26.0,31,2.4,10197,140.0,200,True,26.0,17.0,836,70.0,48,4.12743667198407,12
3,60.0,58.0,27.0,32,2.6,12644,141.0,200,True,29.0,17.0,899,70.0,48,5.2922502334267,13
3,60.0,63.0,27.0,32,2.8,15678,141.0,200,True,31.0,18.0,962,71.0,48,5.47793719056051,14
3,60.0,67.0,27.0,32,3.0,19441,142.0,200,True,34.0,18.0,1025,71.0,48,5.66950291088222,15
3,60.0,72.0,28.0,34,3.0,24107,143.0,200,True,36.0,18.0,1088,71.0,48,5.86723218302166,16
3,60.0,77.0,28.0,34,3.0,29893,143.0,200,True,38.0,18.0,1151,72.0,48,6.54761904761905,17
3,60.0,82.0,28.0,34,3.0,37067,144.0,200,True,41.0,19.0,1214,72.0,48,7.4939874939875,18
3,60.0,87.0,29.0,35,3.0,45963,145.0,200,True,43.0,19.0,1277,72.0,48,7.75445184047335,19
3,60.0,91.0,29.0,35,3.0,56995,145.0,200,True,46.0,19.0,1340,73.0,48,8.55399918499207,20
