difficulty,wave,duration_seconds,group1_count,group1_interval_ms,group2_count,group2_interval_ms,batch_frequency_hz,enemy_supply_per_second,total_spawned,normal_spawned,elite_spawned,elite_expected,population_cap,plus20_no_cap_total
1,1,30.0,1.0,1506.97674418605,1.0,2260.46511627907,1.1059670781892987,1.1059670781893,32,32,0,0.0,48,38
1,2,35.0,1.0,1451.84344866705,1.0,2174.7022121384,1.148612569305501,1.1486125693055,38,37,1,1.0,48,45
1,3,40.0,2.0,1399.33554817276,1.0,2093.02325581395,1.1924026590693253,1.90702754036087,74,73,1,1.0,48,88
1,4,45.0,2.0,1349.26987560844,1.0,2015.1433207139,1.2373841939059311,1.97852576838084,86,85,1,1.0,48,103
1,5,50.0,2.0,1301.4799154334,1.0,1940.80338266385,1.2836066200359304,2.05196269540955,99,98,1,1.0,48,118
1,6,55.0,2.0,1293.92764548299,1.0,1926.51449438579,1.2919128800442263,2.06475362078496,110,109,1,1.0,48,132
1,7,60.0,2.0,1288.0187396627,2.0,1914.62245084997,1.298682403615738,2.59736480723147,150,149,1,1.0,48,180
1,8,60.0,2.0,1283.76031263569,2.0,1905.12375162831,1.303861894912125,2.60772378982425,150,149,1,1.0,48,180
1,9,60.0,2.0,1281.19282742913,2.0,1898.06344804315,1.307375411522631,2.61475082304527,154,153,1,1.125,48,184
1,10,60.0,3.0,1320.57413631099,2.0,1952.96175088245,1.2692891902857468,3.29582477250333,192,191,1,1.25,48,230
1,11,60.0,3.0,1319.94762112615,2.0,1948.49410737669,1.2708226659839543,3.29925115207373,192,190,2,1.375,48,230
1,12,60.0,3.0,1319.3467003054,2.0,1943.96494489444,1.2723634539742896,3.30267779361685,192,190,2,1.5,48,230
1,13,60.0,3.0,1318.82087644602,2.0,1939.4424653618,1.2738651851851857,3.30598345679012,192,190,2,1.625,48,230
1,14,60.0,3.0,1318.32430705078,2.0,1934.85408248746,1.275373535336497,3.30928576608483,192,190,2,1.75,48,230
1,15,60.0,3.0,1317.84751572432,2.0,1930.18070484875,1.2768993382096805,3.3126118077325,192,191,1,1.875,48,230
1,16,60.0,3.0,1317.35081127167,2.0,1925.35887801244,1.278482930974158,3.31606510221423,192,190,2,2.0,48,230
1,17,60.0,3.0,1396.58784278904,3.0,2036.69060406735,1.2070234567901215,3.62107037037037,210,208,2,2.125,48,252
1,18,60.0,4.0,1396.31785809273,3.0,2031.6794231508,1.2083729485329509,4.34128815776816,255,253,2,2.25,48,306
1,19,60.0,4.0,1396.00007894544,3.0,2026.45172750145,1.2098057259170787,4.34574951546529,255,253,2,2.375,48,306
1,20,60.0,4.0,1395.76271186441,3.0,2021.18644067797,1.2112130689303569,4.35009336586819,255,252,3,2.5,48,306
2,1,30.0,2.0,1339.53488372093,1.0,2009.3023255814,1.244212962962962,1.99074074074074,56,56,0,0.0,72,67
2,2,35.0,2.0,1290.52750992626,1.0,1933.06863301191,1.2921891404686927,2.06706607436461,69,68,1,1.15,72,82
2,3,40.0,2.0,1243.85382059801,1.0,1860.46511627907,1.3414529914529894,2.14540598290598,83,82,1,1.15,72,99
2,4,45.0,2.0,1199.35100054083,2.0,1791.23850730124,1.3920572181441777,2.78411443628835,120,118,2,1.15,72,144
2,5,50.0,2.0,1156.8710359408,2.0,1725.15856236786,1.4440574475404238,2.88811489508084,140,138,2,1.15,72,168
2,6,55.0,3.0,1150.157907096,2.0,1712.45732834293,1.4534019900497461,3.77624981343284,200,199,1,1.15,72,240
2,7,60.0,3.0,1144.90554636685,2.0,1701.88662297775,1.4610177040677015,3.79546990513241,221,219,2,1.15,72,265
2,8,60.0,3.0,1141.12027789839,2.0,1693.44333478072,1.4668446317761414,3.8100210748156,221,220,1,1.15,72,265
2,9,60.0,3.0,1138.83806882589,2.0,1687.16750937169,1.470797337962962,3.81968263888889,221,220,1,1.29375,72,265
2,10,60.0,4.0,1173.84367672088,3.0,1735.9660007844,1.4279503390714654,5.13575320813772,299,298,1,1.4375,72,358
2,11,60.0,4.0,1173.28677433435,3.0,1731.99476211261,1.4296754992319536,5.1413330453149,302,301,1,1.58125,72,362
2,12,60.0,4.0,1172.75262249369,3.0,1727.96883990617,1.4314088857210745,5.14692140354003,302,300,2,1.725,72,362
2,13,60.0,4.0,1172.28522350758,3.0,1723.94885809938,1.4330983333333283,5.15232972222222,302,300,2,1.86875,72,362
2,14,60.0,4.0,1171.84382848958,3.0,1719.87029554441,1.4347952272535605,5.157741714099,302,300,2,2.0125,72,362
2,15,60.0,5.0,1171.42001397717,3.0,1715.71618208778,1.4365117554858924,6.01686481191223,352,350,2,2.15625,72,422
2,16,60.0,5.0,1170.97849890815,3.0,1711.43011378883,1.4382932973459306,6.02285318263608,352,350,2,2.3,72,422
2,17,60.0,5.0,1241.41141581248,4.0,1810.39164805986,1.3579013888888887,6.23714027777778,363,360,3,2.44375,72,435
2,18,60.0,5.0,1241.17142941576,4.0,1805.93726502294,1.3594195670995677,6.24336874458874,363,360,3,2.5875,72,435
2,19,60.0,5.0,1240.88895906262,4.0,1801.29042444573,1.3610314416567104,6.24999964655516,363,360,3,2.73125,72,435
2,20,60.0,5.0,1240.67796610169,4.0,1796.61016949153,1.3626147025466562,6.25646973914837,363,360,3,2.875,72,435
3,1,30.0,2.0,1172.09302325581,2.0,1758.13953488372,1.4219576719576752,2.84391534391534,80,80,0,0.0,96,96
3,2,35.0,2.0,1129.21157118548,2.0,1691.43505388542,1.476787589107076,2.95357517821415,100,99,1,1.3,96,120
3,3,40.0,3.0,1088.37209302326,2.0,1627.90697674419,1.533089133089128,3.98498168498168,151,149,2,1.3,96,181
3,4,45.0,3.0,1049.43212547323,2.0,1567.33369388859,1.5909225350219123,4.134741380083,177,175,2,1.3,96,212
3,5,50.0,3.0,1012.2621564482,2.0,1509.51374207188,1.650351368617626,4.28858911985847,208,206,2,1.3,96,249
3,6,55.0,3.0,1006.388168709,2.0,1498.40016230006,1.66103084577114,4.31571407249467,229,227,2,1.3,96,274
3,7,60.0,4.0,1001.79235307099,3.0,1489.15079510553,1.6697345189345205,6.00741441051441,349,347,2,1.3,96,418
3,8,60.0,4.0,998.480243161094,3.0,1481.76291793313,1.6763938648870162,6.03070366467627,349,348,1,1.3,96,418
3,9,60.0,4.0,996.483310222653,3.0,1476.27157070023,1.6809112433862425,6.04626283068783,349,348,1,1.4625,96,418
3,10,60.0,5.0,1027.11321713077,3.0,1518.97025068635,1.6319432446531033,6.84303474178404,399,397,2,1.625,96,478
3,11,60.0,5.0,1026.62592754256,3.0,1515.49541684854,1.6339148562650836,6.84987382049594,399,398,1,1.7875,96,478
3,12,60.0,5.0,1026.15854468198,3.0,1511.9727349179,1.635895869395512,6.85670417133354,399,397,2,1.95,96,478
3,13,60.0,6.0,1025.74957056913,4.0,1508.45525083695,1.6378266666666663,8.50110031746032,494,492,2,2.1125,96,592
3,14,60.0,6.0,1025.36334992838,4.0,1504.88650860136,1.6397659740040709,8.50959196993242,494,492,2,2.275,96,592
3,15,60.0,6.0,1024.99251223002,4.0,1501.2516593268,1.6417277205553122,8.51814464845499,494,492,2,2.4375,96,592
3,16,60.0,6.0,1024.60618654463,4.0,1497.50134956523,1.643763768395349,8.52702454855086,498,496,2,2.6,96,597
3,17,60.0,6.0,1086.23498883592,5.0,1584.09269205238,1.5518873015873003,8.68004761904762,498,495,3,2.7625,96,597
3,18,60.0,7.0,1086.02500073879,5.0,1580.19510689507,1.553622362399507,9.60969004329004,556,553,3,2.925,96,667
3,19,60.0,7.0,1085.77783917979,5.0,1576.12912139002,1.5554645047505258,9.61931996358878,556,553,3,3.0,96,667
3,20,60.0,7.0,1085.59322033898,6.0,1572.03389830508,1.5572739457676095,10.2647990219905,593,590,3,3.0,96,711
